Date,Product,Direct Material,Direct Labour,Variable Overhead,Fixed Overhead,Production Volume,Total Cost,Cost Per Unit
Jan-10,Accessories & Equipment,1.6,2.85,1.3,25000.0,36000.0,232000.0,6.44
Feb-10,Accessories & Equipment,1.6,2.28,1.3,25000.0,34700.0,204746.0,5.9
Mar-10,Accessories & Equipment,1.6,1.9,1.3,25000.0,20800.0,124840.0,6.0
Apr-10,Accessories & Equipment,1.6,1.9,1.3,25000.0,21300.0,127240.0,5.97
May-10,Accessories & Equipment,1.6,1.9,1.3,25000.0,19000.0,116200.0,6.12
Jun-10,Accessories & Equipment,1.6,1.9,1.3,25000.0,37800.0,206440.0,5.46
Jul-10,Accessories & Equipment,1.6,1.9,1.3,25000.0,27100.0,155080.0,5.72
Aug-10,Accessories & Equipment,1.6,1.9,1.3,25000.0,38700.0,210760.0,5.45
Sep-10,Accessories & Equipment,1.6,1.9,1.3,25000.0,32400.0,180520.0,5.57
Oct-10,Accessories & Equipment,1.6,1.9,1.3,25000.0,10300.0,74440.0,7.23
Nov-10,Accessories & Equipment,1.6,1.9,1.3,25000.0,12700.0,85960.0,6.77
Dec-10,Accessories & Equipment,1.6,1.9,1.3,25000.0,30500.0,171400.0,5.62
Jan-11,Accessories & Equipment,1.6,1.98,1.33,25000.0,15800.0,102578.0,6.49
Feb-11,Accessories & Equipment,1.6,1.98,1.33,25000.0,13400.0,90794.0,6.78
Mar-11,Accessories & Equipment,1.6,1.98,1.33,25000.0,18000.0,113380.0,6.3
Apr-11,Accessories & Equipment,1.6,1.98,1.33,25000.0,16000.0,103560.0,6.47
May-11,Accessories & Equipment,1.6,2.47,1.33,25000.0,32400.0,199960.0,6.17
Jun-11,Accessories & Equipment,1.6,1.98,1.33,25000.0,27100.0,158061.0,5.83
Jul-11,Accessories & Equipment,1.6,2.97,1.33,25000.0,39700.0,259230.0,6.53
Aug-11,Accessories & Equipment,1.6,1.98,1.33,25000.0,12900.0,88339.0,6.85
Sep-11,Accessories & Equipment,1.6,1.98,1.33,25000.0,14200.0,94722.0,6.67
Oct-11,Accessories & Equipment,1.6,2.97,1.33,25000.0,36500.0,240350.0,6.58
Nov-11,Accessories & Equipment,1.6,2.97,1.33,25000.0,36200.0,238580.0,6.59
Dec-11,Accessories & Equipment,1.6,1.98,1.33,25000.0,29400.0,169354.0,5.76
Jan-12,Accessories & Equipment,1.6,2.05,1.35,25000.0,13100.0,90500.0,6.91
Feb-12,Accessories & Equipment,1.6,2.05,1.35,25000.0,18100.0,115500.0,6.38
Mar-12,Accessories & Equipment,1.6,2.05,1.35,25000.0,22100.0,135500.0,6.13
Apr-12,Accessories & Equipment,1.6,2.05,1.35,25000.0,13600.0,93000.0,6.84
May-12,Accessories & Equipment,1.6,2.05,1.35,25000.0,14400.0,97000.0,6.74
Jun-12,Accessories & Equipment,1.6,2.05,1.35,25000.0,14100.0,95500.0,6.77
Jul-12,Accessories & Equipment,1.6,2.05,1.35,25000.0,33600.0,193000.0,5.74
Aug-12,Accessories & Equipment,1.6,2.05,1.35,25000.0,18200.0,116000.0,6.37
Sep-12,Accessories & Equipment,1.6,2.56,1.35,25000.0,30700.0,194157.0,6.32
Oct-12,Accessories & Equipment,1.6,3.08,1.35,25000.0,36400.0,244491.99999999997,6.72
Nov-12,Accessories & Equipment,1.6,2.05,1.35,25000.0,19000.0,120000.0,6.32
Dec-12,Accessories & Equipment,1.6,3.08,1.35,25000.0,35000.0,236049.99999999997,6.74
Jan-13,Accessories & Equipment,1.6,2.13,1.38,25000.0,15300.0,103182.99999999999,6.74
Feb-13,Accessories & Equipment,1.6,2.13,1.38,25000.0,20300.0,128732.99999999999,6.34
Mar-13,Accessories & Equipment,1.6,2.13,1.38,25000.0,26600.0,160925.99999999997,6.05
Apr-13,Accessories & Equipment,1.6,2.13,1.38,25000.0,22000.0,137420.0,6.25
May-13,Accessories & Equipment,1.6,3.19,1.38,25000.0,35700.0,245269.0,6.87
Jun-13,Accessories & Equipment,1.6,2.13,1.38,25000.0,12800.0,90408.0,7.06
Jul-13,Accessories & Equipment,1.6,2.13,1.38,25000.0,22400.0,139464.0,6.23
Aug-13,Accessories & Equipment,1.6,2.13,1.38,25000.0,14600.0,99605.99999999999,6.82
Sep-13,Accessories & Equipment,1.6,2.13,1.38,25000.0,19200.0,123111.99999999999,6.41
Oct-13,Accessories & Equipment,1.6,2.13,1.38,25000.0,31400.0,185453.99999999997,5.91
Nov-13,Accessories & Equipment,1.6,2.66,1.38,25000.0,33800.0,215632.0,6.38
Dec-13,Accessories & Equipment,1.6,2.13,1.38,25000.0,20800.0,131288.0,6.31
Jan-14,Accessories & Equipment,1.6,2.71,1.4,25000.0,30800.0,200868.00000000003,6.52
Feb-14,Accessories & Equipment,1.6,2.17,1.4,25000.0,13100.0,92727.0,7.08
Mar-14,Accessories & Equipment,1.6,2.17,1.4,25000.0,27200.0,165624.0,6.09
Apr-14,Accessories & Equipment,1.6,2.17,1.4,25000.0,26800.0,163556.0,6.1
May-14,Accessories & Equipment,1.6,2.17,1.4,25000.0,11100.0,82387.0,7.42
Jun-14,Accessories & Equipment,1.6,2.17,1.4,25000.0,30000.0,180100.0,6.0
Jul-14,Accessories & Equipment,1.6,2.17,1.4,25000.0,28800.0,173896.0,6.04
Aug-14,Accessories & Equipment,1.6,2.17,1.4,25000.0,10500.0,79285.0,7.55
Sep-14,Accessories & Equipment,1.6,2.17,1.4,25000.0,30900.0,184753.0,5.98
Oct-14,Accessories & Equipment,1.6,2.17,1.4,25000.0,22800.0,142876.0,6.27
Nov-14,Accessories & Equipment,1.6,2.71,1.4,25000.0,31500.0,204865.00000000003,6.5
Dec-14,Accessories & Equipment,1.6,2.17,1.4,25000.0,15200.0,103584.0,6.81
Jan-15,Accessories & Equipment,1.8,2.77,1.43,26500.0,26700.0,186700.0,6.99
Feb-15,Accessories & Equipment,1.8,2.77,1.43,26500.0,28000.0,194500.0,6.95
Mar-15,Accessories & Equipment,1.8,2.77,1.43,26500.0,30400.0,208900.0,6.87
Apr-15,Accessories & Equipment,1.8,2.77,1.43,26500.0,32100.0,219100.0,6.83
May-15,Accessories & Equipment,1.8,3.05,1.43,26500.0,34800.0,245043.99999999997,7.04
Jun-15,Accessories & Equipment,1.8,4.14,1.43,26500.0,39300.0,316140.99999999994,8.04
Jul-15,Accessories & Equipment,1.8,4.14,1.43,26500.0,37500.0,302874.99999999994,8.08
Sep-15,Accessories & Equipment,1.8,2.77,1.43,26500.0,27100.0,189100.0,6.98
Oct-15,Accessories & Equipment,1.8,2.77,1.43,26500.0,25800.0,181300.0,7.03
Nov-15,Accessories & Equipment,1.8,2.77,1.43,26500.0,30000.0,206500.0,6.88
Dec-15,Accessories & Equipment,1.8,2.77,1.43,26500.0,22900.0,163900.0,7.16
Jan-16,Accessories & Equipment,1.8,3.53,1.46,26500.0,35600.0,268224.0,7.53
Feb-16,Accessories & Equipment,1.8,2.83,1.46,26500.0,26200.0,186058.0,7.1
Mar-16,Accessories & Equipment,1.8,2.83,1.46,26500.0,24200.0,173878.0,7.19
Apr-16,Accessories & Equipment,1.8,2.83,1.46,26500.0,20500.0,151345.0,7.38
May-16,Accessories & Equipment,1.8,2.83,1.46,26500.0,26100.0,185449.0,7.11
Jun-16,Accessories & Equipment,1.8,2.83,1.46,26500.0,31700.0,219553.0,6.93
Jul-16,Accessories & Equipment,1.8,2.83,1.46,26500.0,24600.0,176314.0,7.17
Aug-16,Accessories & Equipment,1.8,2.83,1.46,26500.0,21500.0,157435.0,7.32
Sep-16,Accessories & Equipment,1.8,2.83,1.46,26500.0,26400.0,187276.0,7.09
Oct-16,Accessories & Equipment,1.8,2.83,1.46,26500.0,16600.0,127594.0,7.69
Nov-16,Accessories & Equipment,1.8,2.83,1.46,26500.0,33800.0,232342.0,6.87
Dec-16,Accessories & Equipment,1.8,3.22,1.46,26500.0,39800.0,284404.0,7.15
Jan-17,Accessories & Equipment,1.8,2.82,1.49,26500.0,20900.0,154199.0,7.38
Feb-17,Accessories & Equipment,1.8,2.82,1.49,26500.0,20400.0,151144.0,7.41
Mar-17,Accessories & Equipment,1.8,3.6,1.49,26500.0,39500.0,298655.0,7.56
Apr-17,Accessories & Equipment,1.8,2.82,1.49,26500.0,17800.0,135258.0,7.6
May-17,Accessories & Equipment,1.8,2.82,1.49,26500.0,27800.0,196358.0,7.06
Jun-17,Accessories & Equipment,1.8,2.82,1.49,26500.0,14200.0,113262.0,7.98
Jul-17,Accessories & Equipment,1.8,2.82,1.49,26500.0,12600.0,103486.0,8.21
Aug-17,Accessories & Equipment,1.8,2.82,1.49,26500.0,28700.0,201857.0,7.03
Sep-17,Accessories & Equipment,1.8,2.82,1.49,26500.0,21900.0,160309.0,7.32
Oct-17,Accessories & Equipment,1.8,2.82,1.49,26500.0,14400.0,114484.0,7.95
Nov-17,Accessories & Equipment,1.8,2.82,1.49,26500.0,26500.0,188415.0,7.11
Dec-17,Accessories & Equipment,1.8,2.82,1.49,26500.0,11500.0,96765.0,8.41
Jan-18,Accessories & Equipment,1.8,2.87,1.52,26500.0,19700.0,148443.0,7.54
Feb-18,Accessories & Equipment,1.8,2.87,1.52,26500.0,16700.0,129872.99999999999,7.78
Mar-18,Accessories & Equipment,1.8,2.87,1.52,26500.0,14200.0,114398.0,8.06
Apr-18,Accessories & Equipment,1.8,3.45,1.52,26500.0,34100.0,257357.0,7.55
May-18,Accessories & Equipment,1.8,2.87,1.52,26500.0,19400.0,146586.0,7.56
Jun-18,Accessories & Equipment,1.8,2.87,1.52,26500.0,19800.0,149062.0,7.53
Jul-18,Accessories & Equipment,1.8,2.87,1.52,26500.0,15000.0,119349.99999999999,7.96
Aug-18,Accessories & Equipment,1.8,2.87,1.52,26500.0,17700.0,136063.0,7.69
Sep-18,Accessories & Equipment,1.8,2.87,1.52,26500.0,26600.0,191154.0,7.19
Oct-18,Accessories & Equipment,1.8,3.45,1.52,26500.0,34100.0,257357.0,7.55
Nov-18,Accessories & Equipment,1.8,2.87,1.52,26500.0,13900.0,112541.0,8.1
Dec-18,Accessories & Equipment,1.8,2.87,1.52,26500.0,10600.0,92114.0,8.69
Jan-19,Accessories & Equipment,1.8,2.92,1.56,26500.0,15700.0,125095.99999999999,7.97
Feb-19,Accessories & Equipment,1.8,2.92,1.56,26500.0,17900.0,138912.0,7.76
Mar-19,Accessories & Equipment,1.8,3.36,1.56,26500.0,37400.0,277828.0,7.43
May-19,Accessories & Equipment,1.8,3.36,1.56,26500.0,36000.0,268420.0,7.46
Jun-19,Accessories & Equipment,1.8,2.92,1.56,26500.0,18500.0,142680.0,7.71
Jul-19,Accessories & Equipment,1.8,2.92,1.56,26500.0,19800.0,150844.0,7.62
Aug-19,Accessories & Equipment,1.8,2.92,1.56,26500.0,12300.0,103743.99999999999,8.43
Sep-19,Accessories & Equipment,1.8,2.92,1.56,26500.0,29800.0,213643.99999999997,7.17
Oct-19,Accessories & Equipment,1.8,3.36,1.56,26500.0,34600.0,259012.00000000003,7.49
Nov-19,Accessories & Equipment,1.8,3.5,1.56,26500.0,38000.0,287180.0,7.56
Dec-19,Accessories & Equipment,1.8,2.92,1.56,26500.0,28300.0,204223.99999999997,7.22
Jan-20,Accessories & Equipment,1.8,2.97,1.6,29900.0,33800.0,245206.00000000003,7.25
Feb-20,Accessories & Equipment,1.8,2.97,1.6,29900.0,31900.0,233103.00000000003,7.31
Mar-20,Accessories & Equipment,1.8,2.97,1.6,29900.0,32500.0,236925.00000000003,7.29
Apr-20,Accessories & Equipment,1.8,2.97,1.6,29900.0,37500.0,268775.0,7.17
May-20,Accessories & Equipment,1.8,2.97,1.6,29900.0,28800.0,213356.00000000003,7.41
Jun-20,Accessories & Equipment,1.8,3.51,1.6,29900.0,38000.0,292480.0,7.7
Jul-20,Accessories & Equipment,1.8,2.97,1.6,29900.0,31700.0,231829.00000000003,7.31
Aug-20,Accessories & Equipment,1.8,2.97,1.6,29900.0,38000.0,271960.0,7.16
Sep-20,Accessories & Equipment,1.8,2.97,1.6,29900.0,15500.0,128635.00000000001,8.3
Oct-20,Accessories & Equipment,1.8,2.97,1.6,29900.0,26000.0,195520.00000000003,7.52
Nov-20,Accessories & Equipment,1.8,3.51,1.6,29900.0,36300.0,280733.0,7.73
Dec-20,Accessories & Equipment,1.8,3.4,1.6,29900.0,34700.0,265860.0,7.66
Jan-21,Accessories & Equipment,2.0,3.03,1.64,29900.0,17800.0,148626.0,8.35
Feb-21,Accessories & Equipment,2.0,3.65,1.64,29900.0,36800.0,298172.0,8.1
Mar-21,Accessories & Equipment,2.0,3.03,1.64,29900.0,21000.0,169969.99999999997,8.09
Apr-21,Accessories & Equipment,2.0,3.03,1.64,29900.0,27700.0,214658.99999999997,7.75
May-21,Accessories & Equipment,2.0,3.03,1.64,29900.0,13000.0,116609.99999999999,8.97
Jun-21,Accessories & Equipment,2.0,3.03,1.64,29900.0,15700.0,134619.0,8.57
Jul-21,Accessories & Equipment,2.0,3.03,1.64,29900.0,22100.0,177306.99999999997,8.02
Aug-21,Accessories & Equipment,2.0,3.72,1.64,29900.0,36000.0,294860.0,8.19
Sep-21,Accessories & Equipment,2.0,3.03,1.64,29900.0,16000.0,136620.0,8.54
Oct-21,Accessories & Equipment,2.0,3.03,1.64,29900.0,12600.0,113941.99999999999,9.04
Nov-21,Accessories & Equipment,2.0,3.03,1.64,29900.0,24300.0,191980.99999999997,7.9
Dec-21,Accessories & Equipment,2.0,3.4,1.64,29900.0,33700.0,267148.0,7.93
Jan-22,Accessories & Equipment,2.0,3.12,1.8,29900.0,10900.0,105328.0,9.66
Feb-22,Accessories & Equipment,2.0,3.12,1.8,29900.0,19400.0,164148.0,8.46
Mar-22,Accessories & Equipment,2.0,3.12,1.8,29900.0,17700.0,152384.0,8.61
Apr-22,Accessories & Equipment,2.0,3.12,1.8,29900.0,32100.0,252032.0,7.85
May-22,Accessories & Equipment,2.0,3.63,1.8,29900.0,35800.0,295894.0,8.27
Jun-22,Accessories & Equipment,2.0,3.12,1.8,29900.0,23500.0,192520.0,8.19
Jul-22,Accessories & Equipment,2.0,3.12,1.8,29900.0,31300.0,246496.0,7.88
Aug-22,Accessories & Equipment,2.0,3.12,1.8,29900.0,26200.0,211204.0,8.06
Sep-22,Accessories & Equipment,2.0,3.12,1.8,29900.0,23900.0,195288.0,8.17
Oct-22,Accessories & Equipment,2.0,3.12,1.8,29900.0,27700.0,221584.0,8.0
Nov-22,Accessories & Equipment,2.0,3.12,1.8,29900.0,26600.0,213972.0,8.04
Dec-22,Accessories & Equipment,2.0,3.12,1.8,29900.0,16700.0,145464.0,8.71
Jan-23,Accessories & Equipment,2.0,3.45,1.85,29900.0,33600.0,275180.0,8.19
Feb-23,Accessories & Equipment,2.0,3.18,1.85,29900.0,18500.0,159955.0,8.65
Mar-23,Accessories & Equipment,2.0,3.18,1.85,29900.0,28400.0,229551.99999999997,8.08
Apr-23,Accessories & Equipment,2.0,3.18,1.85,29900.0,16900.0,148707.0,8.8
May-23,Accessories & Equipment,2.0,3.18,1.85,29900.0,26700.0,217600.99999999997,8.15
Jun-23,Accessories & Equipment,2.0,3.18,1.85,29900.0,19200.0,164876.0,8.59
Jul-23,Accessories & Equipment,2.0,3.18,1.85,29900.0,26100.0,213382.99999999997,8.18
Aug-23,Accessories & Equipment,2.0,3.18,1.85,29900.0,18000.0,156440.0,8.69
Jan-10,OuterWear,8.0,8.86,2.99,75000.0,33000.0,730050.0,22.12
Feb-10,OuterWear,8.0,7.09,2.99,75000.0,39800.0,794583.9999999999,19.96
Mar-10,OuterWear,8.0,5.91,2.99,75000.0,12100.0,279490.0,23.1
Apr-10,OuterWear,8.0,5.91,2.99,75000.0,22700.0,458629.99999999994,20.2
May-10,OuterWear,8.0,5.91,2.99,75000.0,12300.0,282870.0,23.0
Jun-10,OuterWear,8.0,5.91,2.99,75000.0,35600.0,676640.0,19.01
Jul-10,OuterWear,8.0,5.91,2.99,75000.0,19300.0,401170.0,20.79
Aug-10,OuterWear,8.0,5.91,2.99,75000.0,36600.0,693540.0,18.95
Sep-10,OuterWear,8.0,5.91,2.99,75000.0,21900.0,445109.99999999994,20.32
Oct-10,OuterWear,8.0,5.91,2.99,75000.0,32200.0,619180.0,19.23
Nov-10,OuterWear,8.0,5.91,2.99,75000.0,30500.0,590450.0,19.36
Dec-10,OuterWear,8.0,5.91,3.06,75000.0,22800.0,461916.0,20.26
Jan-11,OuterWear,8.0,6.16,3.06,75000.0,11700.0,276474.0,23.63
Feb-11,OuterWear,8.0,6.16,3.06,75000.0,23100.0,472782.0,20.47
Mar-11,OuterWear,8.0,6.16,3.06,75000.0,18600.0,395292.0,21.25
Apr-11,OuterWear,8.0,6.16,3.06,75000.0,35600.0,688032.0,19.33
May-11,OuterWear,8.0,7.68,3.06,75000.0,19600.0,442303.99999999994,22.57
Jun-11,OuterWear,8.0,6.16,3.06,75000.0,13300.0,304026.0,22.86
Jul-11,OuterWear,8.0,9.23,3.06,75000.0,17500.0,430075.0,24.58
Aug-11,OuterWear,8.0,6.16,3.06,75000.0,31800.0,622596.0,19.58
Sep-11,OuterWear,8.0,6.16,3.06,75000.0,29600.0,584712.0,19.75
Oct-11,OuterWear,8.0,9.23,3.06,75000.0,26800.0,618772.0,23.09
Nov-11,OuterWear,8.0,9.23,3.06,75000.0,35300.0,791237.0,22.41
Dec-11,OuterWear,8.0,6.16,3.11,75000.0,26100.0,525747.0,20.14
Jan-12,OuterWear,8.0,6.37,3.11,75000.0,26100.0,531228.0,20.35
Feb-12,OuterWear,8.0,6.37,3.11,75000.0,23700.0,489276.0,20.64
Mar-12,OuterWear,8.0,6.37,3.11,75000.0,19100.0,408868.0,21.41
Apr-12,OuterWear,8.0,6.37,3.11,75000.0,20200.0,428096.0,21.19
May-12,OuterWear,8.0,6.37,3.11,75000.0,16700.0,366916.0,21.97
Jun-12,OuterWear,8.0,6.37,3.11,75000.0,36600.0,714768.0,19.53
Jul-12,OuterWear,8.0,6.37,3.11,75000.0,10900.0,265532.0,24.36
Sep-12,OuterWear,8.0,7.96,3.11,75000.0,33500.0,713845.0,21.31
Oct-12,OuterWear,8.0,9.58,3.11,75000.0,28000.0,654319.9999999999,23.37
Nov-12,OuterWear,8.0,6.37,3.11,75000.0,18300.0,394884.0,21.58
Dec-12,OuterWear,8.0,9.58,3.17,75000.0,29100.0,678825.0,23.33
Jan-13,OuterWear,8.49,6.62,3.17,75000.0,24200.0,517376.0,21.38
Feb-13,OuterWear,8.49,6.62,3.17,75000.0,17700.0,398556.0,22.52
Mar-13,OuterWear,8.49,6.62,3.17,75000.0,32300.0,665444.0,20.6
Apr-13,OuterWear,8.49,6.62,3.17,75000.0,11100.0,277908.0,25.04
May-13,OuterWear,8.49,9.92,3.17,75000.0,28300.0,685714.0,24.23
Jun-13,OuterWear,8.49,6.62,3.17,75000.0,23400.0,502752.0,21.49
Jul-13,OuterWear,8.49,6.62,3.17,75000.0,20400.0,447912.0,21.96
Aug-13,OuterWear,8.49,6.62,3.17,75000.0,20900.0,457052.0,21.87
Sep-13,OuterWear,8.49,6.62,3.17,75000.0,38500.0,778780.0,20.23
Oct-13,OuterWear,8.49,6.62,3.17,75000.0,13200.0,316296.0,23.96
Nov-13,OuterWear,8.49,8.27,3.17,75000.0,11600.0,306188.0,26.4
Dec-13,OuterWear,8.49,6.62,3.22,75000.0,22600.0,489257.99999999994,21.65
Feb-14,OuterWear,8.49,6.75,3.22,75000.0,29300.0,615878.0,21.02
Mar-14,OuterWear,8.49,6.75,3.22,75000.0,17900.0,405434.0,22.65
Apr-14,OuterWear,8.49,6.75,3.22,75000.0,13000.0,314980.0,24.23
Jun-14,OuterWear,8.49,6.75,3.22,75000.0,38800.0,791248.0,20.39
Jul-14,OuterWear,8.49,6.75,3.22,75000.0,10500.0,268830.0,25.6
Aug-14,OuterWear,8.49,6.75,3.22,75000.0,39500.0,804170.0,20.36
Sep-14,OuterWear,8.49,6.75,3.22,75000.0,37600.0,769096.0,20.45
Oct-14,OuterWear,8.49,6.75,3.22,75000.0,18500.0,416510.0,22.51
Nov-14,OuterWear,8.49,8.43,3.22,75000.0,10800.0,292512.0,27.08
Dec-14,OuterWear,8.49,6.75,3.29,75000.0,10100.0,262153.0,25.96
Jan-15,OuterWear,8.49,8.61,3.29,78750.0,34800.0,788322.0,22.65
Feb-15,OuterWear,8.49,8.61,3.29,78750.0,28200.0,653748.0,23.18
Mar-15,OuterWear,8.49,8.61,3.29,78750.0,34000.0,772010.0,22.71
Apr-15,OuterWear,8.49,8.61,3.29,78750.0,13200.0,347898.0,26.36
May-15,OuterWear,8.49,9.48,3.29,78750.0,27400.0,661274.0,24.13
Jun-15,OuterWear,8.49,12.87,3.29,78750.0,23600.0,660490.0,27.99
Jul-15,OuterWear,8.49,12.87,3.29,78750.0,14400.0,433710.0,30.12
Aug-15,OuterWear,8.49,8.61,3.29,78750.0,21100.0,508979.0,24.12
Sep-15,OuterWear,8.49,8.61,3.29,78750.0,38400.0,861726.0,22.44
Oct-15,OuterWear,8.49,8.61,3.29,78750.0,39500.0,884155.0,22.38
Nov-15,OuterWear,8.49,8.61,3.29,78750.0,35300.0,798517.0,22.62
Dec-15,OuterWear,8.49,8.61,3.36,78750.0,26200.0,614802.0,23.47
Jan-16,OuterWear,8.87,10.98,3.36,78750.0,34500.0,879495.0,25.49
Feb-16,OuterWear,8.87,8.8,3.36,78750.0,23100.0,564543.0,24.44
Mar-16,OuterWear,8.87,8.8,3.36,78750.0,33600.0,785358.0,23.37
Apr-16,OuterWear,8.87,8.8,3.36,78750.0,31100.0,732783.0,23.56
May-16,OuterWear,8.87,8.8,3.36,78750.0,27500.0,657075.0,23.89
Jun-16,OuterWear,8.87,8.8,3.36,78750.0,35400.0,823212.0,23.25
Jul-16,OuterWear,8.87,8.8,3.36,78750.0,16700.0,429951.0,25.75
Aug-16,OuterWear,8.87,8.8,3.36,78750.0,39300.0,905229.0,23.03
Sep-16,OuterWear,8.87,8.8,3.36,78750.0,15900.0,413127.0,25.98
Oct-16,OuterWear,8.87,8.8,3.36,78750.0,26300.0,631839.0,24.02
Nov-16,OuterWear,8.87,8.8,3.36,78750.0,35100.0,816903.0,23.27
Dec-16,OuterWear,8.87,10.01,3.43,78750.0,13000.0,368780.0,28.37
Jan-17,OuterWear,8.87,8.77,3.43,78750.0,20100.0,502257.0,24.99
Feb-17,OuterWear,8.87,8.77,3.43,78750.0,35700.0,830949.0,23.28
Mar-17,OuterWear,8.87,11.19,3.43,78750.0,15600.0,445194.0,28.54
Apr-17,OuterWear,8.87,8.77,3.43,78750.0,32700.0,767739.0,23.48
May-17,OuterWear,8.87,8.77,3.43,78750.0,26500.0,637105.0,24.04
Jun-17,OuterWear,8.87,8.77,3.43,78750.0,35100.0,818307.0,23.31
Jul-17,OuterWear,8.87,8.77,3.43,78750.0,17800.0,453796.0,25.49
Aug-17,OuterWear,8.87,8.77,3.43,78750.0,11600.0,323162.0,27.86
Oct-17,OuterWear,8.87,8.77,3.43,78750.0,22100.0,544397.0,24.63
Nov-17,OuterWear,8.87,8.77,3.43,78750.0,14100.0,375837.0,26.66
Dec-17,OuterWear,8.87,8.77,3.5,78750.0,13500.0,364140.0,26.97
Jan-18,OuterWear,8.87,8.92,3.5,78750.0,19000.0,483260.0,25.43
Feb-18,OuterWear,8.87,8.92,3.5,78750.0,38300.0,894157.0,23.35
Mar-18,OuterWear,8.87,8.92,3.5,78750.0,25200.0,615258.0,24.42
Apr-18,OuterWear,8.87,10.73,3.5,78750.0,17400.0,480690.0,27.63
May-18,OuterWear,8.87,8.92,3.5,78750.0,10200.0,295908.0,29.01
Jun-18,OuterWear,8.87,8.92,3.5,78750.0,15000.0,398100.0,26.54
Jul-18,OuterWear,8.87,8.92,3.5,78750.0,12800.0,351262.0,27.44
Aug-18,OuterWear,8.87,8.92,3.5,78750.0,20500.0,515195.0,25.13
Sep-18,OuterWear,8.87,8.92,3.5,78750.0,11000.0,312940.0,28.45
Oct-18,OuterWear,8.87,10.73,3.5,78750.0,34900.0,884940.0,25.36
Nov-18,OuterWear,8.87,8.92,3.5,78750.0,36000.0,845190.0,23.48
Dec-18,OuterWear,8.87,8.92,3.59,78750.0,32100.0,765048.0,23.83
Jan-19,OuterWear,8.87,9.08,3.59,78750.0,15900.0,421236.0,26.49
Feb-19,OuterWear,8.87,9.08,3.59,78750.0,21500.0,541860.0,25.2
Mar-19,OuterWear,8.87,10.45,3.59,78750.0,38200.0,953912.0,24.97
Apr-19,OuterWear,8.87,9.08,3.59,78750.0,15300.0,408312.0,26.69
May-19,OuterWear,8.87,10.45,3.59,78750.0,29700.0,759177.0,25.56
Jun-19,OuterWear,8.87,9.08,3.59,78750.0,10800.0,311382.0,28.83
Jul-19,OuterWear,8.87,9.08,3.59,78750.0,39700.0,933888.0,23.52
Aug-19,OuterWear,8.87,9.08,3.59,78750.0,33600.0,802494.0,23.88
Sep-19,OuterWear,8.87,9.08,3.59,78750.0,25000.0,617250.0,24.69
Oct-19,OuterWear,8.87,10.45,3.59,78750.0,11400.0,339924.0,29.82
Nov-19,OuterWear,8.87,10.88,3.59,78750.0,36200.0,923658.0,25.52
Dec-19,OuterWear,8.87,9.08,3.68,78750.0,19100.0,491883.0,25.75
Jan-20,OuterWear,9.23,9.23,3.68,87600.0,26500.0,674310.0,25.45
Mar-20,OuterWear,9.23,9.23,3.68,87600.0,29800.0,747372.0,25.08
Apr-20,OuterWear,9.55,9.23,3.68,87600.0,33100.0,831026.0,25.11
May-20,OuterWear,9.55,9.23,3.68,87600.0,15200.0,428992.0,28.22
Jun-20,OuterWear,9.55,10.91,3.68,87600.0,26800.0,734552.0,27.41
Jul-20,OuterWear,9.55,9.23,3.68,87600.0,18600.0,505356.0,27.17
Aug-20,OuterWear,9.55,9.23,3.68,87600.0,18800.0,509848.0,27.12
Sep-20,OuterWear,9.55,9.23,3.68,87600.0,13000.0,379580.0,29.2
Oct-20,OuterWear,9.55,9.23,3.68,87600.0,38600.0,954556.0,24.73
Nov-20,OuterWear,9.55,10.91,3.68,87600.0,20000.0,570400.0,28.52
Dec-20,OuterWear,9.55,10.57,3.77,87600.0,14600.0,436394.0,29.89
Jan-21,OuterWear,9.55,9.42,3.77,87600.0,29700.0,762978.0,25.69
Feb-21,OuterWear,9.55,11.35,3.77,87600.0,38600.0,1039861.9999999999,26.94
Mar-21,OuterWear,9.55,9.42,3.77,87600.0,12500.0,371850.0,29.75
Apr-21,OuterWear,9.55,9.42,3.77,87600.0,17300.0,481002.0,27.8
May-21,OuterWear,9.55,9.42,3.77,87600.0,35400.0,892596.0,25.21
Jun-21,OuterWear,9.55,9.42,3.77,87600.0,27200.0,706128.0,25.96
Jul-21,OuterWear,9.55,9.42,3.77,87600.0,33200.0,842568.0,25.38
Aug-21,OuterWear,9.55,11.57,3.77,87600.0,10500.0,348945.0,33.23
Sep-21,OuterWear,9.55,9.42,3.77,87600.0,32800.0,833472.0,25.41
Oct-21,OuterWear,9.55,9.42,3.77,87600.0,21900.0,585606.0,26.74
Nov-21,OuterWear,9.55,9.42,3.77,87600.0,25500.0,667470.0,26.18
Dec-21,OuterWear,9.55,10.57,4.14,87600.0,30500.0,827530.0,27.13
Jan-22,OuterWear,9.55,9.7,4.14,87600.0,38400.0,985776.0,25.67
Feb-22,OuterWear,9.55,9.7,4.14,87600.0,31900.0,833741.0,26.14
Mar-22,OuterWear,9.55,9.7,4.14,87600.0,11700.0,361263.0,30.88
Apr-22,OuterWear,9.55,9.7,4.14,87600.0,10100.0,323839.0,32.06
May-22,OuterWear,9.55,11.29,4.14,87600.0,18900.0,559722.0,29.61
Jun-22,OuterWear,9.55,9.7,4.14,87600.0,25000.0,672350.0,26.89
Jul-22,OuterWear,9.55,9.7,4.14,87600.0,27100.0,721469.0,26.62
Aug-22,OuterWear,9.55,9.7,4.14,87600.0,26900.0,716791.0,26.65
Sep-22,OuterWear,9.55,9.7,4.14,87600.0,34800.0,901572.0,25.91
Oct-22,OuterWear,9.55,9.7,4.14,87600.0,14100.0,417399.0,29.6
Nov-22,OuterWear,9.55,9.7,4.14,87600.0,15700.0,454823.0,28.97
Dec-22,OuterWear,9.55,9.7,4.26,87600.0,29100.0,771741.0,26.52
Jan-23,OuterWear,9.55,10.73,4.26,87600.0,37100.0,998034.0,26.9
Feb-23,OuterWear,9.55,9.89,4.26,87600.0,11800.0,367260.00000000006,31.12
Mar-23,OuterWear,9.55,9.89,4.26,87600.0,10800.0,343560.0,31.81
Apr-23,OuterWear,9.55,9.89,4.26,87600.0,36900.0,962130.0000000001,26.07
May-23,OuterWear,9.55,9.89,4.26,87600.0,29500.0,786750.0000000001,26.67
Jun-23,OuterWear,9.55,9.89,4.26,87600.0,17900.0,511830.00000000006,28.59
Jul-23,OuterWear,9.55,9.89,4.26,87600.0,20600.0,575820.0,27.95
Aug-23,OuterWear,9.55,9.89,20.93,87600.0,33400.0,1435958.0000000002,42.99
Jan-10,SportsWear,0.75,5.43,2.28,30000.0,25100.0,242345.99999999997,9.66
Feb-10,SportsWear,0.75,4.34,2.28,30000.0,30500.0,254784.99999999997,8.35
Mar-10,SportsWear,0.75,3.62,2.28,30000.0,19200.0,157680.0,8.21
Apr-10,SportsWear,0.75,3.62,2.28,30000.0,20200.0,164330.0,8.14
May-10,SportsWear,0.75,3.62,2.28,30000.0,33800.0,254770.0,7.54
Jun-10,SportsWear,0.75,3.62,2.28,30000.0,13900.0,122435.0,8.81
Jul-10,SportsWear,0.75,3.62,2.28,30000.0,10000.0,96500.0,9.65
Aug-10,SportsWear,0.75,3.62,2.28,30000.0,26700.0,207555.0,7.77
Sep-10,SportsWear,0.75,3.62,2.28,30000.0,17200.0,144380.0,8.39
Oct-10,SportsWear,0.75,3.62,2.28,30000.0,17900.0,149035.0,8.33
Nov-10,SportsWear,0.75,3.62,2.28,30000.0,24400.0,192260.0,7.88
Dec-10,SportsWear,0.75,3.62,2.28,30000.0,36200.0,270730.0,7.48
Jan-11,SportsWear,0.75,3.77,3.33,30000.0,38000.0,328300.0,8.64
Feb-11,SportsWear,0.75,3.77,3.33,30000.0,24500.0,222325.0,9.07
Mar-11,SportsWear,0.75,3.77,3.33,30000.0,26500.0,238025.0,8.98
Apr-11,SportsWear,0.75,3.77,3.33,30000.0,11300.0,118705.0,10.5
May-11,SportsWear,0.75,4.7,3.33,30000.0,19900.0,204722.00000000003,10.29
Jul-11,SportsWear,0.75,5.66,3.33,30000.0,35900.0,379666.0,10.58
Aug-11,SportsWear,0.75,3.77,3.33,30000.0,28300.0,252155.0,8.91
Sep-11,SportsWear,0.75,3.77,3.33,30000.0,14100.0,140685.0,9.98
Oct-11,SportsWear,0.75,5.66,3.33,30000.0,21500.0,239410.0,11.14
Nov-11,SportsWear,0.75,5.66,3.33,30000.0,15000.0,176100.0,11.74
Dec-11,SportsWear,0.75,3.77,3.33,30000.0,26400.0,237240.0,8.99
Jan-12,SportsWear,0.75,3.9,3.8,30000.0,29900.0,282655.0,9.45
Feb-12,SportsWear,0.75,3.9,3.8,30000.0,12900.0,139005.0,10.78
Mar-12,SportsWear,0.75,3.9,3.8,30000.0,11100.0,123794.99999999999,11.15
Apr-12,SportsWear,0.75,3.9,3.8,30000.0,14400.0,151680.0,10.53
May-12,SportsWear,0.75,3.9,3.8,30000.0,37500.0,346875.0,9.25
Jun-12,SportsWear,0.75,3.9,3.8,30000.0,18500.0,186325.0,10.07
Jul-12,SportsWear,0.75,3.9,3.8,30000.0,10300.0,117034.99999999999,11.36
Aug-12,SportsWear,0.75,3.9,3.8,30000.0,22100.0,216744.99999999997,9.81
Sep-12,SportsWear,0.75,4.88,3.8,30000.0,14800.0,169564.0,11.46
Oct-12,SportsWear,0.75,5.87,3.8,30000.0,39100.0,437422.0,11.19
Nov-12,SportsWear,0.75,3.9,3.8,30000.0,34700.0,323215.0,9.31
Dec-12,SportsWear,0.75,5.87,3.8,30000.0,24900.0,289458.0,11.62
Jan-13,SportsWear,0.8,4.06,2.42,30000.0,36400.0,294992.0,8.1
Feb-13,SportsWear,0.8,4.06,2.42,30000.0,34300.0,279704.0,8.15
Mar-13,SportsWear,0.8,4.06,2.42,30000.0,23700.0,202535.99999999997,8.55
Apr-13,SportsWear,0.8,4.06,2.42,30000.0,25000.0,211999.99999999997,8.48
May-13,SportsWear,0.8,6.07,2.42,30000.0,32800.0,334712.0,10.2
Jun-13,SportsWear,0.8,4.06,2.42,30000.0,29100.0,241847.99999999997,8.31
Jul-13,SportsWear,0.8,4.06,2.42,30000.0,32600.0,267328.0,8.2
Aug-13,SportsWear,0.8,4.06,2.42,30000.0,20700.0,180696.0,8.73
Sep-13,SportsWear,0.8,4.06,2.42,30000.0,32900.0,269512.0,8.19
Oct-13,SportsWear,0.8,4.06,2.42,30000.0,13200.0,126095.99999999999,9.55
Nov-13,SportsWear,0.8,5.07,2.42,30000.0,14800.0,152692.0,10.32
Dec-13,SportsWear,0.8,4.06,2.42,30000.0,37400.0,302272.0,8.08
Jan-14,SportsWear,0.8,5.16,2.45,30000.0,38300.0,352103.0,9.19
Feb-14,SportsWear,0.8,4.13,2.45,30000.0,34500.0,284610.0,8.25
Mar-14,SportsWear,0.8,4.13,2.45,30000.0,29500.0,247710.0,8.4
Apr-14,SportsWear,0.8,4.13,2.45,30000.0,19900.0,176862.0,8.89
May-14,SportsWear,0.8,4.13,2.45,30000.0,32200.0,267636.0,8.31
Jun-14,SportsWear,0.8,4.13,2.45,30000.0,15200.0,142176.0,9.35
Jul-14,SportsWear,0.8,4.13,2.45,30000.0,39000.0,317820.0,8.15
Aug-14,SportsWear,0.8,4.13,2.45,30000.0,20000.0,177600.0,8.88
Sep-14,SportsWear,0.8,4.13,2.45,30000.0,27900.0,235902.0,8.46
Oct-14,SportsWear,0.8,4.13,2.45,30000.0,12700.0,123726.0,9.74
Nov-14,SportsWear,0.8,5.16,2.45,30000.0,23000.0,223430.0,9.71
Dec-14,SportsWear,0.8,4.13,2.45,30000.0,23900.0,206382.0,8.64
Jan-15,SportsWear,0.84,5.27,3.56,31500.0,21900.0,243273.0,11.11
Feb-15,SportsWear,0.84,5.27,3.56,31500.0,15500.0,181385.0,11.7
Mar-15,SportsWear,0.84,5.27,3.56,31500.0,38700.0,405729.0,10.48
Apr-15,SportsWear,0.84,5.27,3.56,31500.0,37000.0,389290.0,10.52
Jun-15,SportsWear,0.84,7.88,3.56,31500.0,30900.0,410952.00000000006,13.3
Jul-15,SportsWear,0.84,7.88,3.56,31500.0,36900.0,484632.00000000006,13.13
Aug-15,SportsWear,0.84,5.27,3.56,31500.0,18500.0,210395.0,11.37
Sep-15,SportsWear,0.84,5.27,3.56,31500.0,31100.0,332237.0,10.68
Oct-15,SportsWear,0.84,5.27,3.56,31500.0,21100.0,235537.0,11.16
Nov-15,SportsWear,0.84,5.27,3.56,31500.0,38300.0,401861.0,10.49
Dec-15,SportsWear,0.84,5.27,3.56,31500.0,34400.0,364148.0,10.59
Jan-16,SportsWear,0.84,6.72,2.56,31500.0,30700.0,342184.0,11.15
Feb-16,SportsWear,0.84,5.39,2.56,31500.0,36100.0,348818.99999999994,9.66
Mar-16,SportsWear,0.84,5.39,2.56,31500.0,37900.0,364640.99999999994,9.62
Apr-16,SportsWear,0.84,5.39,2.56,31500.0,15900.0,171261.0,10.77
May-16,SportsWear,0.84,5.39,2.56,31500.0,36100.0,348818.99999999994,9.66
Jun-16,SportsWear,0.84,5.39,2.56,31500.0,36100.0,348818.99999999994,9.66
Jul-16,SportsWear,0.84,5.39,2.56,31500.0,24700.0,248612.99999999997,10.07
Aug-16,SportsWear,0.84,5.39,2.56,31500.0,31200.0,305748.0,9.8
Sep-16,SportsWear,0.84,5.39,2.56,31500.0,17700.0,187082.99999999997,10.57
Oct-16,SportsWear,0.84,5.39,2.56,31500.0,29100.0,287289.0,9.87
Nov-16,SportsWear,0.84,5.39,2.56,31500.0,38600.0,370793.99999999994,9.61
Dec-16,SportsWear,0.84,6.13,2.56,31500.0,31400.0,330742.0,10.53
Jan-17,SportsWear,0.97,5.37,2.61,31500.0,37900.0,370705.0,9.78
Feb-17,SportsWear,0.97,5.37,2.61,31500.0,34600.0,341170.0,9.86
Mar-17,SportsWear,0.97,6.86,2.61,31500.0,25900.0,301896.0,11.66
Apr-17,SportsWear,0.97,5.37,2.61,31500.0,39100.0,381445.0,9.76
May-17,SportsWear,0.97,5.37,2.61,31500.0,31700.0,315215.0,9.94
Jun-17,SportsWear,0.97,5.37,2.61,31500.0,18300.0,195285.0,10.67
Jul-17,SportsWear,0.97,5.37,2.61,31500.0,31800.0,316110.0,9.94
Aug-17,SportsWear,0.97,5.37,2.61,31500.0,19300.0,204235.0,10.58
Sep-17,SportsWear,0.97,5.37,2.61,31500.0,39700.0,386815.0,9.74
Oct-17,SportsWear,0.97,5.37,2.61,31500.0,31100.0,309845.0,9.96
Nov-17,SportsWear,0.97,5.37,2.61,31500.0,14200.0,158590.0,11.17
Dec-17,SportsWear,0.97,5.37,2.61,31500.0,27100.0,274045.0,10.11
Jan-18,SportsWear,1.02,5.47,2.66,31500.0,15200.0,170580.0,11.22
Feb-18,SportsWear,1.02,5.47,2.66,31500.0,15600.0,174240.0,11.17
Mar-18,SportsWear,1.02,5.47,2.66,31500.0,30200.0,307830.0,10.19
Apr-18,SportsWear,1.02,6.57,2.66,31500.0,29100.0,329775.0,11.33
May-18,SportsWear,1.02,5.47,2.66,31500.0,10400.0,126660.0,12.18
Jun-18,SportsWear,1.02,5.47,2.66,31500.0,24200.0,252930.0,10.45
Jul-18,SportsWear,1.02,5.47,2.66,31500.0,38600.0,384690.0,9.97
Aug-18,SportsWear,1.02,5.47,2.66,31500.0,35300.0,354495.0,10.04
Sep-18,SportsWear,1.02,5.47,2.66,31500.0,17400.0,190710.0,10.96
Oct-18,SportsWear,1.02,6.57,2.66,31500.0,29500.0,333875.0,11.32
Nov-18,SportsWear,1.02,5.47,2.66,31500.0,34700.0,349005.0,10.06
Dec-18,SportsWear,1.02,5.47,2.66,31500.0,37400.0,373710.0,9.99
Jan-19,SportsWear,1.02,5.56,2.73,31500.0,29900.0,309869.0,10.36
Feb-19,SportsWear,1.02,5.56,2.73,31500.0,15400.0,174874.0,11.36
Mar-19,SportsWear,1.02,6.4,2.73,31500.0,13800.0,171570.0,12.43
Apr-19,SportsWear,1.02,5.56,2.73,31500.0,30200.0,312662.0,10.35
May-19,SportsWear,1.02,6.4,2.73,31500.0,17000.0,204050.0,12.0
Jun-19,SportsWear,1.02,5.56,2.73,31500.0,34500.0,352695.0,10.22
Jul-19,SportsWear,1.02,5.56,2.73,31500.0,25000.0,264250.0,10.57
Aug-19,SportsWear,1.02,5.56,2.73,31500.0,11800.0,141358.0,11.98
Sep-19,SportsWear,1.02,5.56,2.73,31500.0,20200.0,219562.0,10.87
Oct-19,SportsWear,1.02,6.4,2.73,31500.0,30200.0,338030.0,11.19
Nov-19,SportsWear,1.02,6.67,2.73,31500.0,18900.0,228438.0,12.09
Dec-19,SportsWear,1.02,5.56,2.73,31500.0,34700.0,354557.0,10.22
Jan-20,SportsWear,1.02,5.66,2.8,36200.0,18900.0,215372.0,11.4
Mar-20,SportsWear,1.02,5.66,2.8,36200.0,35300.0,370844.0,10.51
Apr-20,SportsWear,1.1,5.66,2.8,36200.0,33800.0,359327.99999999994,10.63
May-20,SportsWear,1.1,5.66,2.8,36200.0,21900.0,245563.99999999997,11.21
Jun-20,SportsWear,1.1,6.68,2.8,36200.0,15600.0,201247.99999999997,12.9
Jul-20,SportsWear,1.1,5.66,2.8,36200.0,33300.0,354547.99999999994,10.65
Aug-20,SportsWear,1.1,5.66,2.8,36200.0,37900.0,398523.99999999994,10.52
Sep-20,SportsWear,1.1,5.66,2.8,36200.0,25600.0,280936.0,10.97
Oct-20,SportsWear,1.1,5.66,2.8,36200.0,24800.0,273288.0,11.02
Nov-20,SportsWear,1.1,6.68,2.8,36200.0,25200.0,302815.99999999994,12.02
Dec-20,SportsWear,1.1,6.47,2.8,36200.0,14000.0,181380.0,12.96
Jan-21,SportsWear,1.1,5.77,2.87,36200.0,12400.0,156976.0,12.66
Feb-21,SportsWear,1.1,6.95,2.87,36200.0,36700.0,436964.00000000006,11.91
Mar-21,SportsWear,1.1,5.77,2.87,36200.0,27500.0,304049.99999999994,11.06
Apr-21,SportsWear,1.1,5.77,2.87,36200.0,33500.0,362489.99999999994,10.82
May-21,SportsWear,1.1,5.77,2.87,36200.0,12900.0,161846.0,12.55
Jun-21,SportsWear,1.1,5.77,2.87,36200.0,31100.0,339113.99999999994,10.9
Jul-21,SportsWear,1.1,5.77,2.87,36200.0,25100.0,280674.0,11.18
Aug-21,SportsWear,1.1,7.08,2.87,36200.0,19800.0,254990.0,12.88
Sep-21,SportsWear,1.1,5.77,2.87,36200.0,15900.0,191065.99999999997,12.02
Oct-21,SportsWear,1.1,5.77,2.87,36200.0,18400.0,215415.99999999997,11.71
Nov-21,SportsWear,1.1,5.77,2.87,36200.0,29700.0,325477.99999999994,10.96
Dec-21,SportsWear,1.1,6.47,2.87,36200.0,39300.0,446492.00000000006,11.36
Jan-22,SportsWear,1.1,5.94,3.15,36200.0,36100.0,404059.00000000006,11.19
Feb-22,SportsWear,1.1,5.94,3.15,36200.0,22600.0,266494.0,11.79
Mar-22,SportsWear,1.1,5.94,3.15,36200.0,20900.0,249171.00000000003,11.92
Apr-22,SportsWear,1.1,5.94,3.15,36200.0,15100.0,190069.00000000003,12.59
May-22,SportsWear,1.1,6.91,3.15,36200.0,10700.0,155612.0,14.54
Jun-22,SportsWear,1.1,5.94,3.15,36200.0,32700.0,369413.00000000006,11.3
Jul-22,SportsWear,1.1,5.94,3.15,36200.0,39000.0,433610.00000000006,11.12
Aug-22,SportsWear,1.1,5.94,3.15,36200.0,22800.0,268532.0,11.78
Sep-22,SportsWear,1.1,5.94,3.15,36200.0,35100.0,393869.00000000006,11.22
Oct-22,SportsWear,1.1,5.94,3.15,36200.0,13100.0,169689.00000000003,12.95
Nov-22,SportsWear,1.1,5.94,3.15,36200.0,22700.0,267513.0,11.78
Dec-22,SportsWear,1.1,5.94,3.15,36200.0,26000.0,301140.00000000006,11.58
Jan-23,SportsWear,1.1,6.57,4.63,36200.0,18400.0,262520.0,14.27
Feb-23,SportsWear,1.1,6.06,4.63,36200.0,12800.0,187112.0,14.62
Mar-23,SportsWear,1.1,6.06,4.63,36200.0,20700.0,280253.0,13.54
Apr-23,SportsWear,1.1,6.06,4.63,36200.0,18500.0,254314.99999999997,13.75
May-23,SportsWear,1.1,6.06,4.63,36200.0,34200.0,439417.99999999994,12.85
Jun-23,SportsWear,1.1,6.06,4.63,36200.0,27100.0,355709.0,13.13
Jul-23,SportsWear,1.1,6.06,4.63,36200.0,36100.0,461818.99999999994,12.79
Aug-23,SportsWear,1.1,6.06,4.63,36200.0,17200.0,238987.99999999997,13.89
Jan-10,Footwear,5.31,17.33,6.96,50000.0,16400.0,535440.0,32.65
Feb-10,Footwear,5.31,11.4,5.57,50000.0,24000.0,584720.0,24.36
Mar-10,Footwear,5.31,5.4,4.64,50000.0,23300.0,407655.00000000006,17.5
Apr-10,Footwear,5.31,9.2,4.64,50000.0,39700.0,810255.0,20.41
May-10,Footwear,5.31,8.9,4.64,50000.0,21500.0,455275.00000000006,21.18
Jun-10,Footwear,5.31,9.2,4.64,50000.0,28800.0,601520.0,20.89
Jul-10,Footwear,5.31,2.7,4.64,50000.0,23900.0,352334.99999999994,14.74
Aug-10,Footwear,5.31,4.0,4.64,50000.0,10000.0,189500.0,18.95
Sep-10,Footwear,5.31,8.3,4.64,50000.0,31900.0,632175.0,19.82
Oct-10,Footwear,5.31,4.6,4.64,50000.0,21500.0,362825.0,16.88
Nov-10,Footwear,5.31,10.1,4.64,50000.0,24900.0,549245.0,22.06
Dec-10,Footwear,5.31,1.2,4.64,50000.0,28200.0,364429.99999999994,12.92
Jan-11,Footwear,5.76,5.9,4.84,50000.0,28800.0,525200.0,18.24
Mar-11,Footwear,5.76,5.3,4.84,50000.0,23200.0,418879.99999999994,18.06
Apr-11,Footwear,5.76,11.7,4.84,50000.0,20100.0,498230.0,24.79
May-11,Footwear,5.76,2.2,6.03,50000.0,13200.0,234668.0,17.78
Jun-11,Footwear,5.76,9.5,4.84,50000.0,34700.0,747470.0,21.54
Jul-11,Footwear,5.76,10.9,7.26,50000.0,20200.0,533184.0,26.4
Aug-11,Footwear,5.76,8.8,4.84,50000.0,13200.0,306080.0,23.19
Sep-11,Footwear,5.76,9.7,4.84,50000.0,11200.0,277360.0,24.76
Oct-11,Footwear,5.76,8.3,7.26,50000.0,33200.0,757824.0,22.83
Nov-11,Footwear,5.76,8.5,7.26,50000.0,22800.0,540656.0,23.71
Dec-11,Footwear,5.76,5.5,4.84,50000.0,38500.0,669850.0,17.4
Jan-12,Footwear,5.76,10.5,5.01,50000.0,23400.0,547717.9999999999,23.41
Feb-12,Footwear,5.76,9.3,5.01,50000.0,14200.0,334994.0,23.59
Mar-12,Footwear,5.76,5.3,5.01,50000.0,12300.0,247661.0,20.14
Apr-12,Footwear,5.76,4.2,5.01,50000.0,30700.0,509579.0,16.6
May-12,Footwear,5.76,11.2,5.01,50000.0,17400.0,432278.0,24.84
Jun-12,Footwear,5.76,11.4,5.01,50000.0,13600.0,351512.0,25.85
Jul-12,Footwear,5.76,11.9,5.01,50000.0,19300.0,487531.00000000006,25.26
Aug-12,Footwear,5.76,4.9,5.01,50000.0,31200.0,538904.0,17.27
Sep-12,Footwear,5.76,9.8,6.25,50000.0,25500.0,606155.0,23.77
Oct-12,Footwear,5.76,9.5,7.53,50000.0,14700.0,385013.0,26.19
Nov-12,Footwear,5.76,2.3,5.01,50000.0,14100.0,234286.99999999997,16.62
Dec-12,Footwear,5.76,6.4,7.53,50000.0,30900.0,658421.0,21.31
Jan-13,Footwear,5.96,10.1,5.2,50000.0,12700.0,320002.0,25.2
Feb-13,Footwear,5.96,8.4,5.2,50000.0,29700.0,630932.0,21.24
Mar-13,Footwear,5.96,7.2,5.2,50000.0,21800.0,450248.0,20.65
Apr-13,Footwear,5.96,7.7,5.2,50000.0,18800.0,404568.0,21.52
May-13,Footwear,5.96,7.7,7.79,50000.0,30700.0,708515.0,23.08
Jun-13,Footwear,5.96,10.1,5.2,50000.0,22100.0,519845.99999999994,23.52
Jul-13,Footwear,5.96,5.6,5.2,50000.0,33500.0,611459.9999999999,18.25
Aug-13,Footwear,5.96,2.3,5.2,50000.0,21800.0,343428.0,15.75
Sep-13,Footwear,5.96,2.6,5.2,50000.0,11300.0,205488.00000000003,18.18
Oct-13,Footwear,5.96,6.5,5.2,50000.0,23800.0,470308.0,19.76
Nov-13,Footwear,5.96,11.4,6.5,50000.0,39000.0,980540.0,25.14
Dec-13,Footwear,5.96,8.9,5.2,50000.0,12900.0,308774.0,23.94
Jan-14,Footwear,5.96,3.8,6.62,50000.0,27100.0,493898.0,18.23
Feb-14,Footwear,5.96,2.2,5.3,50000.0,19000.0,305740.0,16.09
Mar-14,Footwear,5.96,10.7,5.3,50000.0,28100.0,667076.0,23.74
Apr-14,Footwear,5.96,6.4,5.3,50000.0,17900.0,366114.0,20.45
May-14,Footwear,5.96,6.3,5.3,50000.0,19200.0,387152.0,20.16
Jun-14,Footwear,5.96,6.5,5.3,50000.0,12000.0,263120.0,21.93
Jul-14,Footwear,5.96,11.6,5.3,50000.0,30100.0,738086.0,24.52
Aug-14,Footwear,5.96,5.8,5.3,50000.0,16500.0,331490.0,20.09
Sep-14,Footwear,5.96,4.7,5.3,50000.0,24100.0,434636.0,18.03
Oct-14,Footwear,5.96,7.5,5.3,50000.0,26900.0,554644.0,20.62
Nov-14,Footwear,5.96,4.6,6.62,50000.0,36800.0,682224.0,18.54
Dec-14,Footwear,5.96,6.2,5.3,50000.0,10100.0,226346.0,22.41
Jan-15,Footwear,5.96,2.4,6.77,52500.0,23800.0,412594.0,17.34
Feb-15,Footwear,5.96,11.5,6.77,52500.0,34500.0,888435.0,25.75
Mar-15,Footwear,5.96,7.0,6.77,52500.0,11900.0,287287.0,24.14
Apr-15,Footwear,5.96,10.6,6.77,52500.0,38300.0,946038.9999999999,24.7
May-15,Footwear,5.96,4.6,7.45,52500.0,34200.0,668441.9999999999,19.55
Jun-15,Footwear,5.96,11.5,10.12,52500.0,22600.0,675808.0,29.9
Jul-15,Footwear,5.96,11.6,10.12,52500.0,10400.0,340372.0,32.73
Aug-15,Footwear,5.96,11.1,6.77,52500.0,16000.0,433780.0,27.11
Sep-15,Footwear,5.96,2.3,6.77,52500.0,24200.0,416226.0,17.2
Oct-15,Footwear,5.96,1.7,6.77,52500.0,30100.0,486843.0,16.17
Nov-15,Footwear,5.96,9.4,6.77,52500.0,18900.0,470757.0,24.91
Dec-15,Footwear,5.96,1.9,6.77,52500.0,27500.0,454825.0,16.54
Jan-16,Footwear,5.96,8.0,8.62,52500.0,36400.0,874411.9999999999,24.02
Feb-16,Footwear,5.96,5.1,6.91,52500.0,33500.0,654495.0,19.54
Mar-16,Footwear,5.96,6.1,6.91,52500.0,25200.0,530544.0,21.05
May-16,Footwear,5.96,10.8,6.91,52500.0,37400.0,937758.0000000001,25.07
Jun-16,Footwear,5.96,1.0,6.91,52500.0,31800.0,493566.00000000006,15.52
Jul-16,Footwear,5.96,8.9,6.91,52500.0,38600.0,892822.0,23.13
Aug-16,Footwear,5.96,8.3,6.91,52500.0,39600.0,890832.0000000001,22.5
Sep-16,Footwear,5.96,11.4,6.91,52500.0,16600.0,455382.0,27.43
Oct-16,Footwear,5.96,7.3,6.91,52500.0,10400.0,262268.0,25.22
Nov-16,Footwear,5.96,1.8,6.91,52500.0,29000.0,477930.0,16.48
Dec-16,Footwear,5.96,1.3,7.87,52500.0,32700.0,547251.0,16.74
Jan-17,Footwear,3.03,6.3,6.89,52500.0,17000.0,328240.0,19.31
Feb-17,Footwear,3.03,10.5,6.89,52500.0,13100.0,320002.0,24.43
Apr-17,Footwear,3.03,2.0,6.89,52500.0,15000.0,231299.99999999997,15.42
May-17,Footwear,3.03,11.0,6.89,52500.0,23900.0,552488.0,23.12
Jun-17,Footwear,3.03,12.0,6.89,52500.0,18800.0,464595.99999999994,24.71
Jul-17,Footwear,3.03,4.8,6.89,52500.0,13500.0,251219.99999999997,18.61
Aug-17,Footwear,3.03,4.7,6.89,52500.0,35500.0,571510.0,16.1
Sep-17,Footwear,3.03,6.0,6.89,52500.0,15700.0,302444.0,19.26
Oct-17,Footwear,3.03,5.7,6.89,52500.0,28900.0,503918.0,17.44
Nov-17,Footwear,3.03,6.8,6.89,52500.0,37800.0,684516.0,18.11
Dec-17,Footwear,3.03,10.7,6.89,52500.0,35700.0,788633.9999999999,22.09
Jan-18,Footwear,3.76,1.2,7.01,52500.0,16300.0,247610.99999999997,15.19
Feb-18,Footwear,3.76,3.2,7.01,52500.0,32900.0,512112.99999999994,15.57
Mar-18,Footwear,3.76,2.1,7.01,52500.0,23500.0,354945.0,15.1
Apr-18,Footwear,3.76,11.4,8.43,52500.0,26400.0,675276.0,25.58
May-18,Footwear,3.76,11.3,7.01,52500.0,15000.0,383550.0,25.57
Jun-18,Footwear,3.76,10.1,7.01,52500.0,26300.0,601380.9999999999,22.87
Jul-18,Footwear,3.76,6.0,7.01,52500.0,20300.0,392931.0,19.36
Aug-18,Footwear,3.76,2.4,7.01,52500.0,31800.0,471306.0,14.82
Sep-18,Footwear,3.76,4.9,7.01,52500.0,17200.0,322024.0,18.72
Oct-18,Footwear,3.76,1.2,8.43,52500.0,33200.0,497048.0,14.97
Nov-18,Footwear,3.76,11.1,7.01,52500.0,28200.0,669233.9999999999,23.73
Dec-18,Footwear,3.76,1.4,7.01,52500.0,12300.0,202191.0,16.44
Jan-19,Footwear,3.76,8.8,7.13,52500.0,39800.0,836162.0,21.01
Feb-19,Footwear,3.76,11.6,7.13,52500.0,33400.0,803666.0,24.06
Mar-19,Footwear,3.76,7.4,8.21,52500.0,12600.0,296562.0,23.54
Apr-19,Footwear,3.76,1.6,7.13,52500.0,23200.0,342267.99999999994,14.75
May-19,Footwear,3.76,9.1,8.21,52500.0,22200.0,520254.0,23.43
Jun-19,Footwear,3.76,3.7,7.13,52500.0,21500.0,366185.0,17.03
Jul-19,Footwear,3.76,2.7,7.13,52500.0,22000.0,351480.0,15.98
Aug-19,Footwear,3.76,7.8,7.13,52500.0,19200.0,411347.99999999994,21.42
Sep-19,Footwear,3.76,10.6,7.13,52500.0,26200.0,615538.0,23.49
Oct-19,Footwear,3.76,10.0,8.21,52500.0,38100.0,889557.0,23.35
Nov-19,Footwear,3.76,11.2,8.55,52500.0,34000.0,851839.9999999999,25.05
Dec-19,Footwear,3.76,3.4,7.13,52500.0,14400.0,258276.0,17.94
Jan-20,Footwear,3.76,6.7,7.26,60500.0,32200.0,631084.0,19.6
Feb-20,Footwear,3.76,6.2,7.26,60500.0,35300.0,668366.0,18.93
Mar-20,Footwear,3.76,10.2,7.26,60500.0,12600.0,327872.0,26.02
Apr-20,Footwear,4.02,11.6,7.26,60500.0,28200.0,705716.0,25.03
May-20,Footwear,4.02,10.5,7.26,60500.0,20100.0,498278.0,24.79
Jun-20,Footwear,4.02,11.8,8.58,60500.0,28300.0,751020.0,26.54
Jul-20,Footwear,4.02,10.4,7.26,60500.0,18700.0,465916.0,24.92
Aug-20,Footwear,4.02,3.4,7.26,60500.0,10600.0,216108.0,20.39
Sep-20,Footwear,4.02,11.8,7.26,60500.0,28300.0,713664.0,25.22
Oct-20,Footwear,4.02,10.7,7.26,60500.0,24600.0,601207.9999999999,24.44
Nov-20,Footwear,4.02,5.7,8.58,60500.0,23300.0,486889.99999999994,20.9
Dec-20,Footwear,4.02,5.8,8.31,60500.0,33300.0,664229.0000000001,19.95
Feb-21,Footwear,4.02,2.4,8.92,60500.0,23900.0,427126.0,17.87
Mar-21,Footwear,4.02,5.7,7.4,60500.0,33200.0,628883.9999999999,18.94
Apr-21,Footwear,4.02,4.9,7.4,60500.0,11100.0,241652.0,21.77
May-21,Footwear,4.02,7.5,7.4,60500.0,17100.0,384032.00000000006,22.46
Jun-21,Footwear,4.02,6.0,7.4,60500.0,24400.0,485548.00000000006,19.9
Jul-21,Footwear,4.02,11.3,7.4,60500.0,28500.0,708020.0,24.84
Aug-21,Footwear,4.02,6.6,9.09,60500.0,35700.0,764147.0,21.4
Sep-21,Footwear,4.02,3.5,7.4,60500.0,39200.0,645364.0,16.46
Oct-21,Footwear,4.02,11.4,7.4,60500.0,19100.0,496362.0,25.99
Dec-21,Footwear,4.02,7.2,8.31,60500.0,20100.0,453053.0,22.54
Jan-22,Footwear,4.02,4.2,7.62,60500.0,15500.0,306020.0,19.74
Feb-22,Footwear,4.02,2.7,7.62,60500.0,36200.0,579608.0,16.01
Mar-22,Footwear,4.02,6.4,7.62,60500.0,22700.0,470008.0,20.71
Apr-22,Footwear,4.02,5.2,7.62,60500.0,11700.0,257528.0,22.01
May-22,Footwear,4.02,7.2,8.87,60500.0,12600.0,313633.99999999994,24.89
Jul-22,Footwear,4.02,6.1,7.62,60500.0,26000.0,521739.99999999994,20.07
Aug-22,Footwear,4.02,4.8,7.62,60500.0,37000.0,668780.0,18.08
Sep-22,Footwear,4.02,7.9,7.62,60500.0,19800.0,447392.0,22.6
Oct-22,Footwear,4.02,7.8,7.62,60500.0,39500.0,828380.0,20.97
Nov-22,Footwear,4.02,11.0,7.62,60500.0,20700.0,529148.0,25.56
Dec-22,Footwear,4.02,11.2,7.62,60500.0,16200.0,430508.0,26.57
Jan-23,Footwear,4.02,9.5,8.43,60500.0,13700.0,361215.0,26.37
Feb-23,Footwear,4.02,8.8,7.77,60500.0,11800.0,303462.0,25.72
Mar-23,Footwear,4.02,2.8,7.77,60500.0,20200.0,355218.0,17.59
Apr-23,Footwear,4.02,11.3,7.77,60500.0,11300.0,321417.0,28.44
May-23,Footwear,4.02,10.5,7.77,60500.0,24500.0,606605.0,24.76
Jun-23,Footwear,4.02,2.1,7.77,60500.0,37200.0,577208.0,15.52
Jul-23,Footwear,4.02,7.3,7.77,60500.0,23600.0,511024.0,21.65
Aug-23,Footwear,4.02,5.4,7.77,60500.0,12900.0,282251.0,21.88
