Month,Product ,US,Canada,EMEA,LAAP,Total
Jan-10,Accessories & Equipment ,8297.0,4555.0,2272.0,1339.0,16500.0
Feb-10,Accessories & Equipment ,8492.0,5700.0,2158.0,1311.0,17700.0
Mar-10,Accessories & Equipment ,6850.0,4874.0,2374.0,1485.0,15600.0
Apr-10,Accessories & Equipment ,8698.0,5977.0,2797.0,1363.0,18800.0
May-10,Accessories & Equipment ,5687.0,5853.0,2564.0,1336.0,15400.0
Jun-10,Accessories & Equipment ,6953.0,4947.0,2503.0,1354.0,15800.0
Jul-10,Accessories & Equipment ,5753.0,4655.0,2522.0,1397.0,14300.0
Aug-10,Accessories & Equipment ,9320.0,5794.0,2945.0,1445.0,19500.0
Sep-10,Accessories & Equipment ,9082.0,4940.0,2452.0,1355.0,17800.0
Oct-10,Accessories & Equipment ,8360.0,5321.0,2773.0,1488.0,17900.0
Nov-10,Accessories & Equipment ,8604.0,5182.0,2512.0,1294.0,17600.0
Dec-10,Accessories & Equipment ,8252.0,5319.0,2263.0,1413.0,17200.0
Jan-11,Accessories & Equipment ,8152.0,5667.0,2284.0,1486.0,17600.0
Feb-11,Accessories & Equipment ,8193.0,4795.0,2803.0,1492.0,17300.0
Mar-11,Accessories & Equipment ,9054.0,5906.0,2523.0,1421.0,18900.0
Apr-11,Accessories & Equipment ,9467.0,5713.0,2738.0,1322.0,19200.0
May-11,Accessories & Equipment ,8748.0,5406.0,2647.0,1405.0,18200.0
Jun-11,Accessories & Equipment ,5861.0,4674.0,2329.0,1294.0,14200.0
Jul-11,Accessories & Equipment ,7529.0,5614.0,2690.0,1308.0,17100.0
Aug-11,Accessories & Equipment ,6028.0,4870.0,2910.0,1470.0,15300.0
Sep-11,Accessories & Equipment ,7298.0,4990.0,2378.0,1405.0,16100.0
Oct-11,Accessories & Equipment ,8694.0,4734.0,2431.0,1259.0,17100.0
Nov-11,Accessories & Equipment ,7355.0,5998.0,2978.0,1307.0,17600.0
Dec-11,Accessories & Equipment ,9471.0,5179.0,2527.0,1410.0,18600.0
Jan-12,Accessories & Equipment ,8955.0,4803.0,2478.0,1429.0,17700.0
Feb-12,Accessories & Equipment ,9165.0,4576.0,2094.0,1378.0,17200.0
Mar-12,Accessories & Equipment ,9315.0,5169.0,2805.0,1416.0,18700.0
Apr-12,Accessories & Equipment ,8119.0,5394.0,2582.0,1436.0,17500.0
May-12,Accessories & Equipment ,9227.0,5437.0,2723.0,1325.0,18700.0
Jun-12,Accessories & Equipment ,9368.0,5264.0,2004.0,1357.0,18000.0
Jul-12,Accessories & Equipment ,8374.0,5437.0,2743.0,1388.0,17900.0
Aug-12,Accessories & Equipment ,8814.0,5880.0,2472.0,1289.0,18500.0
Sep-12,Accessories & Equipment ,7480.0,4869.0,2644.0,1484.0,16500.0
Oct-12,Accessories & Equipment ,9066.0,5639.0,2740.0,1267.0,18700.0
Nov-12,Accessories & Equipment ,7121.0,5319.0,2854.0,1318.0,16600.0
Dec-12,Accessories & Equipment ,7741.0,5788.0,2743.0,1387.0,17700.0
Jan-13,Accessories & Equipment ,8314.0,5653.0,2634.0,1310.0,17900.0
Feb-13,Accessories & Equipment ,7066.0,5712.0,2310.0,1404.0,16500.0
Mar-13,Accessories & Equipment ,7720.0,5419.0,2966.0,1498.0,17600.0
Apr-13,Accessories & Equipment ,6378.0,5038.0,2435.0,1378.0,15200.0
May-13,Accessories & Equipment ,8092.0,5522.0,2294.0,1431.0,17300.0
Jun-13,Accessories & Equipment ,8154.0,5251.0,2518.0,1312.0,17200.0
Jul-13,Accessories & Equipment ,5729.0,5383.0,2761.0,1341.0,15200.0
Aug-13,Accessories & Equipment ,8385.0,4570.0,2244.0,1367.0,16600.0
Sep-13,Accessories & Equipment ,6022.0,5768.0,2634.0,1407.0,15800.0
Oct-13,Accessories & Equipment ,7862.0,5111.0,2761.0,1297.0,17000.0
Nov-13,Accessories & Equipment ,8441.0,5004.0,2161.0,1302.0,16900.0
Dec-13,Accessories & Equipment ,6492.0,4923.0,2457.0,1498.0,15400.0
Jan-14,Accessories & Equipment ,6847.0,5932.0,2574.0,1377.0,16700.0
Feb-14,Accessories & Equipment ,7001.0,5180.0,2159.0,1278.0,15600.0
Mar-14,Accessories & Equipment ,6155.0,5289.0,2433.0,1322.0,15200.0
Apr-14,Accessories & Equipment ,7497.0,5736.0,2442.0,1430.0,17100.0
May-14,Accessories & Equipment ,5585.0,4859.0,2858.0,1305.0,14600.0
Jun-14,Accessories & Equipment ,6775.0,5347.0,2033.0,1436.0,15600.0
Jul-14,Accessories & Equipment ,7228.0,4762.0,2572.0,1447.0,16000.0
Aug-14,Accessories & Equipment ,7603.0,5508.0,2973.0,1471.0,17600.0
Sep-14,Accessories & Equipment ,8700.0,4836.0,2779.0,1353.0,17700.0
Oct-14,Accessories & Equipment ,6921.0,5257.0,2312.0,1338.0,15800.0
Nov-14,Accessories & Equipment ,6008.0,4723.0,2800.0,1319.0,14800.0
Dec-14,Accessories & Equipment ,6149.0,5198.0,2974.0,1273.0,15600.0
Jan-15,Accessories & Equipment ,7712.0,4682.0,2939.0,1371.0,16700.0
Feb-15,Accessories & Equipment ,9028.0,5339.0,2759.0,1422.0,18500.0
Mar-15,Accessories & Equipment ,7162.0,5374.0,2944.0,1333.0,16800.0
Apr-15,Accessories & Equipment ,7253.0,5181.0,2014.0,1467.0,15900.0
May-15,Accessories & Equipment ,6355.0,4695.0,2927.0,1302.0,15300.0
Jun-15,Accessories & Equipment ,6045.0,5914.0,2956.0,1434.0,16300.0
Jul-15,Accessories & Equipment ,8962.0,4769.0,2461.0,1480.0,17700.0
Aug-15,Accessories & Equipment ,6462.0,5603.0,2440.0,1311.0,15800.0
Sep-15,Accessories & Equipment ,7866.0,5808.0,2553.0,1408.0,17600.0
Oct-15,Accessories & Equipment ,7776.0,4950.0,2175.0,1293.0,16200.0
Nov-15,Accessories & Equipment ,8392.0,5282.0,2036.0,1398.0,17100.0
Dec-15,Accessories & Equipment ,5989.0,5667.0,2313.0,1416.0,15400.0
Jan-16,Accessories & Equipment ,7253.0,5843.0,2611.0,1463.0,17200.0
Feb-16,Accessories & Equipment ,8025.0,5738.0,2038.0,1342.0,17100.0
Mar-16,Accessories & Equipment ,6818.0,4563.0,2985.0,1259.0,15600.0
Apr-16,Accessories & Equipment ,7538.0,4597.0,2525.0,1323.0,16000.0
May-16,Accessories & Equipment ,6450.0,5781.0,2306.0,1444.0,16000.0
Jun-16,Accessories & Equipment ,6139.0,5558.0,2113.0,1370.0,15200.0
Jul-16,Accessories & Equipment ,6602.0,5047.0,2278.0,1421.0,15300.0
Aug-16,Accessories & Equipment ,7527.0,4629.0,2348.0,1262.0,15800.0
Sep-16,Accessories & Equipment ,6194.0,4679.0,2209.0,1334.0,14400.0
Oct-16,Accessories & Equipment ,6938.0,5636.0,2628.0,1339.0,16500.0
Nov-16,Accessories & Equipment ,7613.0,5756.0,2083.0,1430.0,16900.0
Dec-16,Accessories & Equipment ,8262.0,4607.0,2642.0,1310.0,16800.0
Jan-17,Accessories & Equipment ,5625.0,5818.0,2200.0,1457.0,15100.0
Feb-17,Accessories & Equipment ,5570.0,5700.0,2492.0,1478.0,15200.0
Mar-17,Accessories & Equipment ,7995.0,5342.0,2540.0,1394.0,17300.0
Apr-17,Accessories & Equipment ,9261.0,4890.0,2861.0,1283.0,18300.0
May-17,Accessories & Equipment ,6524.0,4807.0,2286.0,1307.0,14900.0
Jun-17,Accessories & Equipment ,6250.0,5023.0,2236.0,1317.0,14800.0
Jul-17,Accessories & Equipment ,8456.0,5475.0,2340.0,1308.0,17600.0
Aug-17,Accessories & Equipment ,5896.0,4713.0,2935.0,1330.0,14900.0
Sep-17,Accessories & Equipment ,7601.0,4952.0,2483.0,1381.0,16400.0
Oct-17,Accessories & Equipment ,9472.0,5581.0,2417.0,1254.0,18700.0
Nov-17,Accessories & Equipment ,6202.0,5273.0,2639.0,1287.0,15400.0
Dec-17,Accessories & Equipment ,9232.0,5506.0,2749.0,1387.0,18900.0
Jan-18,Accessories & Equipment ,6932.0,5545.0,2058.0,1447.0,16000.0
Feb-18,Accessories & Equipment ,8950.0,5305.0,2218.0,1394.0,17900.0
Mar-18,Accessories & Equipment ,7362.0,5456.0,2458.0,1391.0,16700.0
Apr-18,Accessories & Equipment ,6217.0,5028.0,2278.0,1455.0,15000.0
May-18,Accessories & Equipment ,6076.0,5398.0,2078.0,1335.0,14900.0
Jun-18,Accessories & Equipment ,7627.0,4659.0,2899.0,1498.0,16700.0
Jul-18,Accessories & Equipment ,8388.0,5775.0,2939.0,1339.0,18400.0
Aug-18,Accessories & Equipment ,6923.0,5850.0,2585.0,1474.0,16800.0
Sep-18,Accessories & Equipment ,8651.0,4911.0,2029.0,1335.0,16900.0
Oct-18,Accessories & Equipment ,8532.0,5715.0,2039.0,1403.0,17700.0
Nov-18,Accessories & Equipment ,7604.0,5275.0,2860.0,1369.0,17100.0
Dec-18,Accessories & Equipment ,5626.0,4787.0,2129.0,1340.0,13900.0
Jan-19,Accessories & Equipment ,9183.0,5276.0,2129.0,1325.0,17900.0
Feb-19,Accessories & Equipment ,8167.0,5592.0,2695.0,1360.0,17800.0
Mar-19,Accessories & Equipment ,9087.0,5250.0,2608.0,1300.0,18200.0
Apr-19,Accessories & Equipment ,7476.0,5714.0,2612.0,1303.0,17100.0
May-19,Accessories & Equipment ,7932.0,5779.0,2628.0,1441.0,17800.0
Jun-19,Accessories & Equipment ,6165.0,5468.0,2213.0,1454.0,15300.0
Jul-19,Accessories & Equipment ,7996.0,5246.0,2977.0,1269.0,17500.0
Aug-19,Accessories & Equipment ,6873.0,5679.0,2209.0,1300.0,16100.0
Sep-19,Accessories & Equipment ,6195.0,5740.0,2695.0,1329.0,16000.0
Oct-19,Accessories & Equipment ,6198.0,5868.0,2022.0,1297.0,15400.0
Nov-19,Accessories & Equipment ,6997.0,4726.0,2201.0,1491.0,15400.0
Dec-19,Accessories & Equipment ,7604.0,4506.0,2726.0,1362.0,16200.0
Jan-20,Accessories & Equipment ,7077.0,5184.0,2566.0,1471.0,16300.0
Feb-20,Accessories & Equipment ,8537.0,5626.0,2721.0,1361.0,18200.0
Mar-20,Accessories & Equipment ,8537.0,5904.0,2331.0,1402.0,18200.0
Apr-20,Accessories & Equipment ,7626.0,5368.0,2875.0,1372.0,17200.0
May-20,Accessories & Equipment ,6593.0,5884.0,2910.0,1286.0,16700.0
Jun-20,Accessories & Equipment ,6292.0,4686.0,2302.0,1288.0,14600.0
Jul-20,Accessories & Equipment ,8990.0,5487.0,2926.0,1430.0,18800.0
Aug-20,Accessories & Equipment ,9486.0,5366.0,2394.0,1258.0,18500.0
Sep-20,Accessories & Equipment ,8749.0,5948.0,2943.0,1353.0,19000.0
Oct-20,Accessories & Equipment ,6203.0,4516.0,2947.0,1296.0,15000.0
Nov-20,Accessories & Equipment ,7375.0,4858.0,2838.0,1406.0,16500.0
Dec-20,Accessories & Equipment ,7819.0,5529.0,2156.0,1485.0,17000.0
Jan-21,Accessories & Equipment ,7348.0,4951.0,2169.0,1261.0,15700.0
Feb-21,Accessories & Equipment ,6775.0,5278.0,2153.0,1386.0,15600.0
Mar-21,Accessories & Equipment ,8966.0,4851.0,2965.0,1421.0,18200.0
Apr-21,Accessories & Equipment ,8988.0,4667.0,2127.0,1287.0,17100.0
May-21,Accessories & Equipment ,8635.0,5844.0,2697.0,1494.0,18700.0
Jun-21,Accessories & Equipment ,9470.0,5514.0,2975.0,1472.0,19400.0
Jul-21,Accessories & Equipment ,5638.0,5090.0,2903.0,1476.0,15100.0
Aug-21,Accessories & Equipment ,7302.0,4596.0,2379.0,1344.0,15600.0
Sep-21,Accessories & Equipment ,7499.0,4850.0,2405.0,1285.0,16000.0
Oct-21,Accessories & Equipment ,6919.0,5889.0,2361.0,1456.0,16600.0
Nov-21,Accessories & Equipment ,7761.0,4829.0,2042.0,1313.0,15900.0
Dec-21,Accessories & Equipment ,8213.0,4550.0,2978.0,1279.0,17000.0
Jan-22,Accessories & Equipment ,7405.0,5484.0,2061.0,1274.0,16200.0
Feb-22,Accessories & Equipment ,6371.0,5818.0,2499.0,1375.0,16100.0
Mar-22,Accessories & Equipment ,6550.0,4737.0,2414.0,1416.0,15100.0
Apr-22,Accessories & Equipment ,6016.0,5200.0,2484.0,1325.0,15000.0
May-22,Accessories & Equipment ,6230.0,4964.0,2515.0,1487.0,15200.0
Jun-22,Accessories & Equipment ,5933.0,5831.0,2841.0,1277.0,15900.0
Jul-22,Accessories & Equipment ,8274.0,5481.0,2039.0,1337.0,17100.0
Aug-22,Accessories & Equipment ,7434.0,5826.0,2716.0,1400.0,17400.0
Sep-22,Accessories & Equipment ,5611.0,5511.0,2158.0,1410.0,14700.0
Oct-22,Accessories & Equipment ,6327.0,5207.0,2770.0,1448.0,15800.0
Nov-22,Accessories & Equipment ,8058.0,4522.0,2438.0,1295.0,16300.0
Dec-22,Accessories & Equipment ,8688.0,5740.0,2786.0,1444.0,18700.0
Jan-23,Accessories & Equipment ,6497.0,5361.0,2561.0,1377.0,15800.0
Feb-23,Accessories & Equipment ,8141.0,4750.0,2544.0,1461.0,16900.0
Mar-23,Accessories & Equipment ,8561.0,5938.0,2189.0,1364.0,18100.0
Apr-23,Accessories & Equipment ,7469.0,5953.0,2364.0,1475.0,17300.0
May-23,Accessories & Equipment ,7865.0,5235.0,2483.0,1337.0,16900.0
Jun-23,Accessories & Equipment ,7127.0,4801.0,2497.0,1454.0,15900.0
Jul-23,Accessories & Equipment ,7465.0,4631.0,2942.0,1410.0,16400.0
Aug-23,Accessories & Equipment ,6966.0,4590.0,2646.0,1437.0,15600.0
Jan-10,FootWear ,24620.0,14734.0,6624.0,2922.0,48900.0
Feb-10,FootWear ,24532.0,14616.0,6885.0,2867.0,48900.0
Mar-10,FootWear ,24959.0,14589.0,6933.0,2922.0,49400.0
Apr-10,FootWear ,24848.0,14779.0,6906.0,2912.0,49400.0
May-10,FootWear ,24532.0,14859.0,6975.0,2874.0,49200.0
Jun-10,FootWear ,24584.0,14677.0,6827.0,2954.0,49000.0
Jul-10,FootWear ,24780.0,14832.0,6519.0,2870.0,49000.0
Aug-10,FootWear ,24916.0,14639.0,6552.0,2920.0,49000.0
Sep-10,FootWear ,24511.0,14899.0,6631.0,2948.0,49000.0
Oct-10,FootWear ,24655.0,14660.0,6602.0,2915.0,48800.0
Nov-10,FootWear ,24954.0,14558.0,6852.0,2896.0,49300.0
Dec-10,FootWear ,24631.0,14929.0,6863.0,2939.0,49400.0
Jan-11,FootWear ,24754.0,14699.0,6640.0,2896.0,49000.0
Feb-11,FootWear ,24655.0,14937.0,6705.0,2955.0,49300.0
Mar-11,FootWear ,24653.0,14674.0,6772.0,2911.0,49000.0
Apr-11,FootWear ,24674.0,14598.0,6851.0,2979.0,49100.0
May-11,FootWear ,24696.0,14691.0,6647.0,2909.0,48900.0
Jun-11,FootWear ,24913.0,14627.0,6647.0,2981.0,49200.0
Jul-11,FootWear ,24680.0,14855.0,6915.0,2989.0,49400.0
Aug-11,FootWear ,24625.0,14876.0,6754.0,2860.0,49100.0
Sep-11,FootWear ,24868.0,14951.0,6874.0,2890.0,49600.0
Oct-11,FootWear ,24870.0,14803.0,6546.0,2907.0,49100.0
Nov-11,FootWear ,24658.0,14941.0,6517.0,2925.0,49000.0
Dec-11,FootWear ,24633.0,14506.0,6982.0,2989.0,49100.0
Jan-12,FootWear ,24684.0,14909.0,6813.0,2899.0,49300.0
Feb-12,FootWear ,24612.0,14781.0,6868.0,2999.0,49300.0
Mar-12,FootWear ,24676.0,14948.0,6625.0,2990.0,49200.0
Apr-12,FootWear ,24640.0,14790.0,6989.0,2961.0,49400.0
May-12,FootWear ,24947.0,14632.0,6840.0,2967.0,49400.0
Jun-12,FootWear ,24956.0,14906.0,6903.0,2917.0,49700.0
Jul-12,FootWear ,24643.0,14880.0,6915.0,2970.0,49400.0
Aug-12,FootWear ,24914.0,14973.0,6562.0,2957.0,49400.0
Sep-12,FootWear ,24561.0,14793.0,6620.0,2880.0,48900.0
Oct-12,FootWear ,24837.0,14744.0,6654.0,2976.0,49200.0
Nov-12,FootWear ,24553.0,14806.0,6670.0,2875.0,48900.0
Dec-12,FootWear ,24706.0,14880.0,6808.0,2964.0,49400.0
Jan-13,FootWear ,24805.0,14762.0,6555.0,2873.0,49000.0
Feb-13,FootWear ,24755.0,14886.0,6566.0,2898.0,49100.0
Mar-13,FootWear ,24888.0,14665.0,6872.0,2974.0,49400.0
Apr-13,FootWear ,24539.0,14970.0,6880.0,2936.0,49300.0
May-13,FootWear ,24949.0,14954.0,6711.0,2946.0,49600.0
Jun-13,FootWear ,24680.0,14797.0,6972.0,2966.0,49400.0
Jul-13,FootWear ,24545.0,14670.0,6932.0,2930.0,49100.0
Aug-13,FootWear ,24919.0,14939.0,6637.0,2935.0,49400.0
Sep-13,FootWear ,24607.0,14613.0,6833.0,3000.0,49100.0
Oct-13,FootWear ,24568.0,14820.0,6713.0,2929.0,49000.0
Nov-13,FootWear ,24658.0,14535.0,6863.0,2995.0,49100.0
Dec-13,FootWear ,24564.0,14987.0,6658.0,2965.0,49200.0
Jan-14,FootWear ,24864.0,14769.0,6949.0,2896.0,49500.0
Feb-14,FootWear ,24668.0,14881.0,6675.0,2968.0,49200.0
Mar-14,FootWear ,24556.0,14570.0,6517.0,2933.0,48600.0
Apr-14,FootWear ,24972.0,14871.0,6537.0,2981.0,49400.0
May-14,FootWear ,24892.0,14865.0,6865.0,2906.0,49500.0
Jun-14,FootWear ,24817.0,14607.0,6663.0,2892.0,49000.0
Jul-14,FootWear ,24878.0,14840.0,6773.0,2990.0,49500.0
Aug-14,FootWear ,24709.0,14782.0,6950.0,2941.0,49400.0
Sep-14,FootWear ,24517.0,14996.0,6950.0,2919.0,49400.0
Oct-14,FootWear ,24836.0,14828.0,6782.0,2950.0,49400.0
Nov-14,FootWear ,24794.0,14754.0,6827.0,2882.0,49300.0
Dec-14,FootWear ,24755.0,14975.0,6879.0,2980.0,49600.0
Jan-15,FootWear ,24841.0,14630.0,6870.0,2941.0,49300.0
Feb-15,FootWear ,24678.0,14945.0,6576.0,2860.0,49100.0
Mar-15,FootWear ,24507.0,14721.0,6646.0,2976.0,48800.0
Apr-15,FootWear ,24772.0,14562.0,6806.0,2933.0,49100.0
May-15,FootWear ,24594.0,14793.0,6807.0,2997.0,49200.0
Jun-15,FootWear ,24570.0,14715.0,6766.0,2991.0,49000.0
Jul-15,FootWear ,24507.0,14972.0,6998.0,2930.0,49400.0
Aug-15,FootWear ,24622.0,14897.0,6863.0,2908.0,49300.0
Sep-15,FootWear ,24655.0,14755.0,6961.0,2989.0,49400.0
Oct-15,FootWear ,24528.0,14514.0,6985.0,2872.0,48900.0
Nov-15,FootWear ,24955.0,14551.0,6822.0,2988.0,49300.0
Dec-15,FootWear ,24957.0,14786.0,6815.0,2924.0,49500.0
Jan-16,FootWear ,24568.0,14662.0,6848.0,2987.0,49100.0
Feb-16,FootWear ,24716.0,14971.0,6702.0,2903.0,49300.0
Mar-16,FootWear ,24935.0,14936.0,6900.0,2950.0,49700.0
Apr-16,FootWear ,24674.0,14915.0,6601.0,2894.0,49100.0
May-16,FootWear ,24932.0,14554.0,6647.0,2923.0,49100.0
Jun-16,FootWear ,24984.0,14500.0,6608.0,2914.0,49000.0
Jul-16,FootWear ,24595.0,14872.0,6855.0,2933.0,49300.0
Aug-16,FootWear ,24785.0,14688.0,6545.0,2851.0,48900.0
Sep-16,FootWear ,24890.0,14518.0,6641.0,2955.0,49000.0
Oct-16,FootWear ,24801.0,14649.0,6797.0,2921.0,49200.0
Nov-16,FootWear ,24629.0,14772.0,6795.0,2928.0,49100.0
Dec-16,FootWear ,24626.0,14522.0,6997.0,2873.0,49000.0
Jan-17,FootWear ,24590.0,14977.0,6745.0,2930.0,49200.0
Feb-17,FootWear ,24667.0,14919.0,6537.0,2994.0,49100.0
Mar-17,FootWear ,24966.0,14620.0,6998.0,2879.0,49500.0
Apr-17,FootWear ,24748.0,14961.0,6778.0,2919.0,49400.0
May-17,FootWear ,24638.0,14554.0,6948.0,2897.0,49000.0
Jun-17,FootWear ,24793.0,14634.0,6890.0,2980.0,49300.0
Jul-17,FootWear ,24551.0,14816.0,6761.0,2933.0,49100.0
Aug-17,FootWear ,24510.0,14529.0,6685.0,2906.0,48600.0
Sep-17,FootWear ,24741.0,14650.0,6629.0,2926.0,48900.0
Oct-17,FootWear ,24543.0,14986.0,6768.0,2885.0,49200.0
Nov-17,FootWear ,24902.0,14621.0,6714.0,2929.0,49200.0
Dec-17,FootWear ,24913.0,14728.0,6911.0,2867.0,49400.0
Jan-18,FootWear ,24836.0,14577.0,6950.0,2927.0,49300.0
Feb-18,FootWear ,24920.0,14815.0,6692.0,2905.0,49300.0
Mar-18,FootWear ,24703.0,14707.0,6579.0,2934.0,48900.0
Apr-18,FootWear ,24916.0,14584.0,6573.0,2891.0,49000.0
May-18,FootWear ,24883.0,14897.0,6684.0,2988.0,49500.0
Jun-18,FootWear ,24980.0,14753.0,6872.0,2979.0,49600.0
Jul-18,FootWear ,24911.0,14657.0,6755.0,2912.0,49200.0
Aug-18,FootWear ,24913.0,14753.0,6648.0,2968.0,49300.0
Sep-18,FootWear ,24859.0,14512.0,6852.0,2895.0,49100.0
Oct-18,FootWear ,24599.0,14918.0,6593.0,2876.0,49000.0
Nov-18,FootWear ,24549.0,14657.0,6719.0,2960.0,48900.0
Dec-18,FootWear ,24616.0,14786.0,6554.0,2889.0,48800.0
Jan-19,FootWear ,24526.0,14786.0,6709.0,2923.0,48900.0
Feb-19,FootWear ,24886.0,14971.0,6527.0,2939.0,49300.0
Mar-19,FootWear ,24967.0,14548.0,6550.0,2861.0,48900.0
Apr-19,FootWear ,24669.0,14831.0,6574.0,2919.0,49000.0
May-19,FootWear ,24742.0,14675.0,6799.0,2958.0,49200.0
Jun-19,FootWear ,24895.0,14515.0,6702.0,2872.0,49000.0
Jul-19,FootWear ,24966.0,14736.0,6680.0,2988.0,49400.0
Aug-19,FootWear ,24572.0,14579.0,6543.0,2885.0,48600.0
Sep-19,FootWear ,24849.0,14819.0,6506.0,2990.0,49200.0
Oct-19,FootWear ,24876.0,14559.0,6923.0,2979.0,49300.0
Nov-19,FootWear ,24614.0,14941.0,6690.0,2970.0,49200.0
Dec-19,FootWear ,24515.0,14882.0,6849.0,2962.0,49200.0
Jan-20,FootWear ,24729.0,14962.0,6969.0,2973.0,49600.0
Feb-20,FootWear ,24887.0,14837.0,6767.0,2850.0,49300.0
Mar-20,FootWear ,24642.0,14634.0,6851.0,2851.0,49000.0
Apr-20,FootWear ,24505.0,14506.0,6736.0,2884.0,48600.0
May-20,FootWear ,24757.0,14811.0,6802.0,2960.0,49300.0
Jun-20,FootWear ,24894.0,14747.0,6753.0,2918.0,49300.0
Jul-20,FootWear ,24657.0,14554.0,6722.0,2961.0,48900.0
Aug-20,FootWear ,24606.0,14864.0,6683.0,2867.0,49000.0
Sep-20,FootWear ,24831.0,14820.0,6575.0,2888.0,49100.0
Oct-20,FootWear ,24863.0,14500.0,6829.0,2960.0,49200.0
Nov-20,FootWear ,24683.0,14789.0,6683.0,2978.0,49100.0
Dec-20,FootWear ,24881.0,14906.0,6714.0,2921.0,49400.0
Jan-21,FootWear ,24571.0,14743.0,6909.0,2935.0,49200.0
Feb-21,FootWear ,24639.0,14637.0,6895.0,2874.0,49000.0
Mar-21,FootWear ,24673.0,14937.0,6911.0,2956.0,49500.0
Apr-21,FootWear ,24879.0,14859.0,6823.0,2939.0,49500.0
May-21,FootWear ,24711.0,14645.0,6782.0,2967.0,49100.0
Jun-21,FootWear ,24817.0,14955.0,6801.0,2865.0,49400.0
Jul-21,FootWear ,24910.0,14903.0,6635.0,2882.0,49300.0
Aug-21,FootWear ,24542.0,14838.0,6631.0,2880.0,48900.0
Sep-21,FootWear ,24673.0,14767.0,6545.0,2949.0,48900.0
Oct-21,FootWear ,24882.0,14578.0,6893.0,2994.0,49300.0
Nov-21,FootWear ,24632.0,14581.0,6927.0,2878.0,49000.0
Dec-21,FootWear ,24848.0,14863.0,6764.0,2981.0,49500.0
Jan-22,FootWear ,24699.0,14859.0,6859.0,2904.0,49300.0
Feb-22,FootWear ,24937.0,14502.0,6818.0,2940.0,49200.0
Mar-22,FootWear ,24650.0,14939.0,6647.0,2957.0,49200.0
Apr-22,FootWear ,24630.0,14539.0,6695.0,2877.0,48700.0
May-22,FootWear ,24892.0,14549.0,6582.0,2918.0,48900.0
Jun-22,FootWear ,24553.0,14958.0,6974.0,2917.0,49400.0
Jul-22,FootWear ,24724.0,14600.0,6828.0,2895.0,49000.0
Aug-22,FootWear ,24764.0,14595.0,6706.0,2871.0,48900.0
Sep-22,FootWear ,24838.0,14672.0,6647.0,2971.0,49100.0
Oct-22,FootWear ,24674.0,14699.0,6633.0,2999.0,49000.0
Nov-22,FootWear ,24864.0,14671.0,6750.0,2925.0,49200.0
Dec-22,FootWear ,24918.0,14717.0,6708.0,2998.0,49300.0
Jan-23,FootWear ,24927.0,14607.0,6682.0,2935.0,49200.0
Feb-23,FootWear ,24950.0,14522.0,6958.0,2970.0,49400.0
Mar-23,FootWear ,24525.0,14858.0,6809.0,2940.0,49100.0
Apr-23,FootWear ,24956.0,14644.0,6900.0,2961.0,49500.0
May-23,FootWear ,24965.0,14736.0,6632.0,2868.0,49200.0
Jun-23,FootWear ,24929.0,14784.0,6982.0,2968.0,49700.0
Jul-23,FootWear ,24544.0,14872.0,6838.0,2935.0,49200.0
Aug-23,FootWear ,24953.0,14740.0,6749.0,2889.0,49300.0
Jan-10,OuterWear,12245.0,8284.0,9748.0,2270.0,32500.0
Feb-10,OuterWear,10252.0,9038.0,9386.0,1518.0,30200.0
Mar-10,OuterWear,13411.0,9505.0,8789.0,2229.0,33900.0
Apr-10,OuterWear,14417.0,10879.0,9439.0,1551.0,36300.0
May-10,OuterWear,12831.0,11435.0,8439.0,2263.0,35000.0
Jun-10,OuterWear,14162.0,10050.0,9341.0,2532.0,36100.0
Jul-10,OuterWear,10186.0,10640.0,9563.0,1591.0,32000.0
Aug-10,OuterWear,11137.0,10676.0,8763.0,2095.0,32700.0
Sep-10,OuterWear,13649.0,8124.0,9369.0,2384.0,33500.0
Oct-10,OuterWear,13860.0,11842.0,9189.0,2870.0,37800.0
Nov-10,OuterWear,12256.0,10638.0,9847.0,1534.0,34300.0
Dec-10,OuterWear,10664.0,11511.0,9143.0,1927.0,33200.0
Jan-11,OuterWear,10832.0,8354.0,8944.0,1963.0,30100.0
Feb-11,OuterWear,13494.0,10651.0,9717.0,2141.0,36000.0
Mar-11,OuterWear,12333.0,9833.0,8185.0,2961.0,33300.0
Apr-11,OuterWear,11493.0,10982.0,9136.0,2922.0,34500.0
May-11,OuterWear,12338.0,8637.0,9344.0,2828.0,33100.0
Jun-11,OuterWear,10352.0,8832.0,9865.0,2875.0,31900.0
Jul-11,OuterWear,14494.0,8364.0,9553.0,2728.0,35100.0
Aug-11,OuterWear,13335.0,8685.0,9170.0,1504.0,32700.0
Sep-11,OuterWear,14852.0,8695.0,8039.0,1750.0,33300.0
Oct-11,OuterWear,13813.0,11267.0,8892.0,2605.0,36600.0
Nov-11,OuterWear,13146.0,10586.0,9291.0,1972.0,35000.0
Dec-11,OuterWear,12963.0,9142.0,9705.0,1531.0,33300.0
Jan-12,OuterWear,11394.0,11293.0,8153.0,2294.0,33100.0
Feb-12,OuterWear,10140.0,11543.0,8916.0,2474.0,33100.0
Mar-12,OuterWear,11869.0,10570.0,9889.0,2826.0,35200.0
Apr-12,OuterWear,14132.0,10816.0,8350.0,2643.0,35900.0
May-12,OuterWear,10540.0,10904.0,9992.0,1619.0,33100.0
Jun-12,OuterWear,13629.0,8275.0,8880.0,2368.0,33200.0
Jul-12,OuterWear,13443.0,8630.0,8092.0,1794.0,32000.0
Aug-12,OuterWear,13841.0,10747.0,8838.0,2924.0,36400.0
Sep-12,OuterWear,13238.0,8942.0,9349.0,2935.0,34500.0
Oct-12,OuterWear,14797.0,9167.0,8173.0,2287.0,34400.0
Nov-12,OuterWear,14847.0,8663.0,8099.0,2619.0,34200.0
Dec-12,OuterWear,11715.0,11846.0,8340.0,2373.0,34300.0
Jan-13,OuterWear,12256.0,9870.0,9312.0,2969.0,34400.0
Feb-13,OuterWear,11155.0,10692.0,8965.0,2508.0,33300.0
Mar-13,OuterWear,13152.0,9214.0,9835.0,2621.0,34800.0
Apr-13,OuterWear,11668.0,8284.0,9190.0,2533.0,31700.0
May-13,OuterWear,13755.0,10559.0,8933.0,2341.0,35600.0
Jun-13,OuterWear,10282.0,9640.0,9371.0,2276.0,31600.0
Jul-13,OuterWear,14251.0,10783.0,8683.0,2423.0,36100.0
Aug-13,OuterWear,13174.0,10440.0,9335.0,2803.0,35800.0
Sep-13,OuterWear,13484.0,10792.0,9049.0,2929.0,36300.0
Oct-13,OuterWear,12949.0,10035.0,8458.0,1906.0,33300.0
Nov-13,OuterWear,10256.0,11311.0,9046.0,2685.0,33300.0
Dec-13,OuterWear,14024.0,11324.0,8224.0,1858.0,35400.0
Jan-14,OuterWear,12429.0,8517.0,8656.0,2460.0,32100.0
Feb-14,OuterWear,14365.0,8073.0,8636.0,1829.0,32900.0
Mar-14,OuterWear,13048.0,9589.0,9329.0,2970.0,34900.0
Apr-14,OuterWear,11717.0,10735.0,9104.0,2669.0,34200.0
May-14,OuterWear,10931.0,8212.0,8288.0,2170.0,29600.0
Jun-14,OuterWear,10151.0,9493.0,8023.0,2035.0,29700.0
Jul-14,OuterWear,11845.0,11961.0,8717.0,2040.0,34600.0
Aug-14,OuterWear,12693.0,10866.0,9065.0,1777.0,34400.0
Sep-14,OuterWear,11904.0,10894.0,9500.0,1767.0,34100.0
Oct-14,OuterWear,10251.0,8141.0,9351.0,2622.0,30400.0
Nov-14,OuterWear,11869.0,9733.0,8802.0,2794.0,33200.0
Dec-14,OuterWear,12716.0,11772.0,8584.0,1988.0,35100.0
Jan-15,OuterWear,12020.0,9193.0,9297.0,1688.0,32200.0
Feb-15,OuterWear,10186.0,10720.0,9851.0,2523.0,33300.0
Mar-15,OuterWear,13811.0,10873.0,8485.0,2110.0,35300.0
Apr-15,OuterWear,10185.0,9609.0,9353.0,1801.0,30900.0
May-15,OuterWear,11930.0,10223.0,9145.0,2738.0,34000.0
Jun-15,OuterWear,11248.0,10408.0,9936.0,2622.0,34200.0
Jul-15,OuterWear,10061.0,9598.0,9265.0,1563.0,30500.0
Aug-15,OuterWear,14474.0,11461.0,9478.0,2192.0,37600.0
Sep-15,OuterWear,10828.0,11136.0,9685.0,2125.0,33800.0
Oct-15,OuterWear,10842.0,11715.0,9718.0,2313.0,34600.0
Nov-15,OuterWear,10282.0,10951.0,8623.0,2461.0,32300.0
Dec-15,OuterWear,14889.0,10783.0,9094.0,2990.0,37800.0
Jan-16,OuterWear,10811.0,9334.0,9985.0,1907.0,32000.0
Feb-16,OuterWear,14777.0,11250.0,8283.0,2851.0,37200.0
Mar-16,OuterWear,12422.0,9313.0,9008.0,2365.0,33100.0
Apr-16,OuterWear,10654.0,10319.0,8421.0,2851.0,32200.0
May-16,OuterWear,13976.0,10469.0,9960.0,2057.0,36500.0
Jun-16,OuterWear,11572.0,8725.0,9045.0,1769.0,31100.0
Jul-16,OuterWear,12226.0,9103.0,9240.0,2396.0,33000.0
Aug-16,OuterWear,13963.0,9896.0,9658.0,2783.0,36300.0
Sep-16,OuterWear,13845.0,11364.0,9561.0,2768.0,37500.0
Oct-16,OuterWear,13438.0,9403.0,9058.0,2319.0,34200.0
Nov-16,OuterWear,12092.0,9756.0,8394.0,2669.0,32900.0
Dec-16,OuterWear,14252.0,9602.0,9385.0,2024.0,35300.0
Jan-17,OuterWear,10895.0,8862.0,9095.0,2441.0,31300.0
Feb-17,OuterWear,14836.0,10864.0,9772.0,1725.0,37200.0
Mar-17,OuterWear,11018.0,9657.0,9153.0,2532.0,32400.0
Apr-17,OuterWear,12476.0,10669.0,8721.0,2740.0,34600.0
May-17,OuterWear,12039.0,8839.0,8409.0,2829.0,32100.0
Jun-17,OuterWear,10144.0,10945.0,8799.0,2419.0,32300.0
Jul-17,OuterWear,11751.0,8029.0,9537.0,2715.0,32000.0
Aug-17,OuterWear,12681.0,11676.0,8737.0,2695.0,35800.0
Sep-17,OuterWear,13041.0,11208.0,8983.0,2497.0,35700.0
Oct-17,OuterWear,14350.0,11758.0,8714.0,2792.0,37600.0
Nov-17,OuterWear,11510.0,10326.0,9365.0,1824.0,33000.0
Dec-17,OuterWear,13685.0,8789.0,8711.0,2225.0,33400.0
Jan-18,OuterWear,14134.0,9752.0,8351.0,2058.0,34300.0
Feb-18,OuterWear,10749.0,8176.0,9202.0,2639.0,30800.0
Mar-18,OuterWear,14357.0,9614.0,8188.0,1780.0,33900.0
Apr-18,OuterWear,10708.0,11166.0,9498.0,1547.0,32900.0
May-18,OuterWear,14417.0,10601.0,9016.0,2808.0,36800.0
Jun-18,OuterWear,14731.0,11934.0,9197.0,2041.0,37900.0
Jul-18,OuterWear,14607.0,10522.0,9704.0,2288.0,37100.0
Aug-18,OuterWear,14964.0,11767.0,9780.0,1521.0,38000.0
Sep-18,OuterWear,13323.0,8520.0,8582.0,2018.0,32400.0
Oct-18,OuterWear,14634.0,10867.0,8543.0,1728.0,35800.0
Nov-18,OuterWear,10387.0,11467.0,8370.0,2293.0,32500.0
Dec-18,OuterWear,14307.0,9823.0,9599.0,2136.0,35900.0
Jan-19,OuterWear,10679.0,10564.0,8484.0,1608.0,31300.0
Feb-19,OuterWear,10337.0,11147.0,8772.0,1562.0,31800.0
Mar-19,OuterWear,13994.0,9195.0,9301.0,1572.0,34100.0
Apr-19,OuterWear,14494.0,11758.0,9414.0,1715.0,37400.0
May-19,OuterWear,14858.0,11553.0,8595.0,2642.0,37600.0
Jun-19,OuterWear,12440.0,9254.0,8383.0,2888.0,33000.0
Jul-19,OuterWear,11529.0,11035.0,8789.0,1581.0,32900.0
Aug-19,OuterWear,10013.0,10968.0,9897.0,1971.0,32800.0
Sep-19,OuterWear,13320.0,8646.0,8975.0,2326.0,33300.0
Oct-19,OuterWear,11662.0,8551.0,9740.0,2448.0,32400.0
Nov-19,OuterWear,11474.0,10412.0,9586.0,1571.0,33000.0
Dec-19,OuterWear,13095.0,9442.0,8881.0,2738.0,34200.0
Jan-20,OuterWear,14173.0,9319.0,9392.0,1717.0,34600.0
Feb-20,OuterWear,14353.0,9942.0,9599.0,2175.0,36100.0
Mar-20,OuterWear,13293.0,8995.0,9200.0,2511.0,34000.0
Apr-20,OuterWear,10616.0,8925.0,8280.0,1954.0,29800.0
May-20,OuterWear,12920.0,8422.0,8505.0,2751.0,32600.0
Jun-20,OuterWear,13109.0,9947.0,9955.0,1854.0,34900.0
Jul-20,OuterWear,10043.0,8445.0,9418.0,2678.0,30600.0
Aug-20,OuterWear,12424.0,10875.0,9359.0,2860.0,35500.0
Sep-20,OuterWear,13681.0,8235.0,9326.0,2361.0,33600.0
Oct-20,OuterWear,14708.0,8038.0,8654.0,1906.0,33300.0
Nov-20,OuterWear,11429.0,9189.0,8457.0,1508.0,30600.0
Dec-20,OuterWear,13107.0,9376.0,9878.0,1963.0,34300.0
Jan-21,OuterWear,10220.0,10769.0,9837.0,1742.0,32600.0
Feb-21,OuterWear,10010.0,9070.0,8496.0,2715.0,30300.0
Mar-21,OuterWear,14621.0,9503.0,8908.0,1637.0,34700.0
Apr-21,OuterWear,12976.0,10367.0,9081.0,1646.0,34100.0
May-21,OuterWear,12903.0,10785.0,8428.0,1854.0,34000.0
Jun-21,OuterWear,10185.0,9621.0,8872.0,1774.0,30500.0
Jul-21,OuterWear,12210.0,9241.0,8477.0,2493.0,32400.0
Aug-21,OuterWear,14306.0,11742.0,8989.0,2698.0,37700.0
Sep-21,OuterWear,12023.0,8274.0,9953.0,2840.0,33100.0
Oct-21,OuterWear,12583.0,9636.0,9243.0,1507.0,33000.0
Nov-21,OuterWear,12307.0,10834.0,9575.0,1892.0,34600.0
Dec-21,OuterWear,14497.0,11322.0,9037.0,2084.0,36900.0
Jan-22,OuterWear,13217.0,8053.0,8372.0,2365.0,32000.0
Feb-22,OuterWear,14100.0,9221.0,9379.0,1770.0,34500.0
Mar-22,OuterWear,10279.0,8280.0,9375.0,1731.0,29700.0
Apr-22,OuterWear,13005.0,9810.0,9114.0,2223.0,34200.0
May-22,OuterWear,10461.0,10562.0,8294.0,2569.0,31900.0
Jun-22,OuterWear,11449.0,8960.0,9501.0,2122.0,32000.0
Jul-22,OuterWear,11977.0,8082.0,8733.0,1783.0,30600.0
Aug-22,OuterWear,13263.0,10661.0,9499.0,1971.0,35400.0
Sep-22,OuterWear,12480.0,9427.0,9576.0,1983.0,33500.0
Oct-22,OuterWear,11170.0,8479.0,8337.0,1664.0,29600.0
Nov-22,OuterWear,12233.0,9413.0,8662.0,2179.0,32500.0
Dec-22,OuterWear,13344.0,10988.0,8493.0,2927.0,35800.0
Jan-23,OuterWear,12569.0,10090.0,9342.0,2864.0,34900.0
Feb-23,OuterWear,11093.0,9668.0,9524.0,1937.0,32200.0
Mar-23,OuterWear,10866.0,11836.0,8805.0,2204.0,33700.0
Apr-23,OuterWear,13034.0,8405.0,9752.0,2577.0,33800.0
May-23,OuterWear,11706.0,11002.0,9605.0,1517.0,33800.0
Jun-23,OuterWear,14516.0,11572.0,9404.0,2413.0,37900.0
Jul-23,OuterWear,12030.0,8830.0,9489.0,2050.0,32400.0
Aug-23,OuterWear,13112.0,10395.0,8732.0,1870.0,34100.0
Jan-10,SportsWear,11237.0,8939.0,4563.0,2965.0,27700.0
Feb-10,SportsWear,11648.0,8531.0,4606.0,2915.0,27700.0
Mar-10,SportsWear,10905.0,9185.0,4518.0,2877.0,27500.0
Apr-10,SportsWear,11977.0,9747.0,4674.0,2900.0,29300.0
May-10,SportsWear,11007.0,8863.0,4568.0,2986.0,27400.0
Jun-10,SportsWear,11498.0,9863.0,4757.0,2921.0,29000.0
Jul-10,SportsWear,11408.0,9070.0,4890.0,2963.0,28300.0
Aug-10,SportsWear,11785.0,8563.0,4919.0,2922.0,28200.0
Sep-10,SportsWear,11191.0,9294.0,4925.0,2892.0,28300.0
Oct-10,SportsWear,11836.0,9662.0,4967.0,2967.0,29400.0
Nov-10,SportsWear,11776.0,9658.0,4704.0,2978.0,29100.0
Dec-10,SportsWear,11906.0,8724.0,4984.0,2942.0,28600.0
Jan-11,SportsWear,11552.0,9257.0,4788.0,2895.0,28500.0
Feb-11,SportsWear,11343.0,9272.0,4586.0,2893.0,28100.0
Mar-11,SportsWear,11243.0,9033.0,4775.0,2857.0,27900.0
Apr-11,SportsWear,11972.0,9216.0,4693.0,2917.0,28800.0
May-11,SportsWear,10940.0,8910.0,4857.0,2959.0,27700.0
Jun-11,SportsWear,11950.0,9490.0,4829.0,2953.0,29200.0
Jul-11,SportsWear,10942.0,9974.0,4546.0,2878.0,28300.0
Aug-11,SportsWear,10567.0,8518.0,4701.0,2864.0,26600.0
Sep-11,SportsWear,11282.0,8895.0,4526.0,2855.0,27600.0
Oct-11,SportsWear,11032.0,8648.0,4677.0,2868.0,27200.0
Nov-11,SportsWear,11577.0,9742.0,4948.0,2987.0,29300.0
Dec-11,SportsWear,11308.0,9750.0,4590.0,2909.0,28600.0
Jan-12,SportsWear,11813.0,9808.0,4739.0,2855.0,29200.0
Feb-12,SportsWear,10500.0,9163.0,4525.0,2990.0,27200.0
Mar-12,SportsWear,11233.0,9871.0,4694.0,2915.0,28700.0
Apr-12,SportsWear,10518.0,8593.0,4538.0,2921.0,26600.0
May-12,SportsWear,11681.0,8517.0,4579.0,2865.0,27600.0
Jun-12,SportsWear,10504.0,8792.0,4844.0,2888.0,27000.0
Jul-12,SportsWear,11561.0,9892.0,4586.0,2931.0,29000.0
Aug-12,SportsWear,10874.0,9440.0,4638.0,2993.0,27900.0
Sep-12,SportsWear,10866.0,9866.0,4861.0,2883.0,28500.0
Oct-12,SportsWear,10644.0,9045.0,4929.0,2937.0,27600.0
Nov-12,SportsWear,11549.0,9521.0,4850.0,2956.0,28900.0
Dec-12,SportsWear,11377.0,9664.0,4513.0,2904.0,28500.0
Jan-13,SportsWear,11851.0,9390.0,4675.0,2876.0,28800.0
Feb-13,SportsWear,10720.0,8726.0,4682.0,2958.0,27100.0
Mar-13,SportsWear,11918.0,9315.0,4708.0,2895.0,28800.0
Apr-13,SportsWear,11582.0,9954.0,4550.0,2856.0,28900.0
May-13,SportsWear,10965.0,9299.0,4506.0,2939.0,27700.0
Jun-13,SportsWear,10799.0,9918.0,4797.0,2951.0,28500.0
Jul-13,SportsWear,11880.0,9139.0,4880.0,2967.0,28900.0
Aug-13,SportsWear,10500.0,8573.0,4510.0,2874.0,26500.0
Sep-13,SportsWear,11418.0,9783.0,4904.0,2968.0,29100.0
Oct-13,SportsWear,11488.0,9115.0,4826.0,2856.0,28300.0
Nov-13,SportsWear,11761.0,9463.0,4731.0,2901.0,28900.0
Dec-13,SportsWear,10535.0,9427.0,4782.0,2887.0,27600.0
Jan-14,SportsWear,11006.0,8849.0,4522.0,2963.0,27300.0
Feb-14,SportsWear,11674.0,9479.0,4632.0,2866.0,28700.0
Mar-14,SportsWear,11618.0,8799.0,4863.0,2997.0,28300.0
Apr-14,SportsWear,11349.0,9825.0,4526.0,2972.0,28700.0
May-14,SportsWear,11387.0,9619.0,4759.0,2908.0,28700.0
Jun-14,SportsWear,11607.0,9264.0,4548.0,2935.0,28400.0
Jul-14,SportsWear,10778.0,9872.0,4958.0,2995.0,28600.0
Aug-14,SportsWear,10537.0,8761.0,4788.0,2855.0,26900.0
Sep-14,SportsWear,11043.0,9412.0,4966.0,2850.0,28300.0
Oct-14,SportsWear,11910.0,9637.0,4811.0,2869.0,29200.0
Nov-14,SportsWear,11561.0,9362.0,4684.0,2901.0,28500.0
Dec-14,SportsWear,11608.0,9301.0,4817.0,2863.0,28600.0
Jan-15,SportsWear,10836.0,8690.0,4948.0,2988.0,27500.0
Feb-15,SportsWear,10825.0,9341.0,4790.0,2910.0,27900.0
Mar-15,SportsWear,11794.0,8542.0,4586.0,2984.0,27900.0
Apr-15,SportsWear,11520.0,9826.0,4632.0,2907.0,28900.0
May-15,SportsWear,11632.0,8987.0,4714.0,2888.0,28200.0
Jun-15,SportsWear,11943.0,9839.0,4763.0,2991.0,29500.0
Jul-15,SportsWear,10800.0,8502.0,4830.0,2978.0,27100.0
Aug-15,SportsWear,10507.0,9193.0,4665.0,2991.0,27400.0
Sep-15,SportsWear,10547.0,9564.0,4682.0,2884.0,27700.0
Oct-15,SportsWear,10546.0,9324.0,4636.0,2853.0,27400.0
Nov-15,SportsWear,10907.0,9632.0,4589.0,2909.0,28000.0
Dec-15,SportsWear,10650.0,9466.0,4834.0,2994.0,27900.0
Jan-16,SportsWear,10595.0,9590.0,4678.0,2855.0,27700.0
Feb-16,SportsWear,11677.0,9222.0,4870.0,2855.0,28600.0
Mar-16,SportsWear,11910.0,9446.0,4836.0,2897.0,29100.0
Apr-16,SportsWear,11412.0,9969.0,4858.0,2915.0,29200.0
May-16,SportsWear,11263.0,9886.0,4696.0,2936.0,28800.0
Jun-16,SportsWear,11356.0,9844.0,4861.0,2884.0,28900.0
Jul-16,SportsWear,11946.0,9081.0,4690.0,2873.0,28600.0
Aug-16,SportsWear,11120.0,9587.0,4901.0,2922.0,28500.0
Sep-16,SportsWear,11250.0,8711.0,4904.0,2879.0,27700.0
Oct-16,SportsWear,11362.0,8678.0,4536.0,2866.0,27400.0
Nov-16,SportsWear,11295.0,9528.0,4748.0,2980.0,28600.0
Dec-16,SportsWear,10838.0,8683.0,4917.0,2928.0,27400.0
Jan-17,SportsWear,10684.0,8705.0,4725.0,2879.0,27000.0
Feb-17,SportsWear,10746.0,8797.0,4971.0,2924.0,27400.0
Mar-17,SportsWear,11335.0,9068.0,4705.0,2974.0,28100.0
Apr-17,SportsWear,11932.0,9517.0,4652.0,2991.0,29100.0
May-17,SportsWear,11601.0,9751.0,4843.0,2956.0,29200.0
Jun-17,SportsWear,11093.0,9166.0,4897.0,2917.0,28100.0
Jul-17,SportsWear,10839.0,9116.0,4748.0,2976.0,27700.0
Aug-17,SportsWear,10754.0,9741.0,4678.0,2956.0,28100.0
Sep-17,SportsWear,10782.0,9013.0,4930.0,2912.0,27600.0
Oct-17,SportsWear,10922.0,9162.0,4987.0,2924.0,28000.0
Nov-17,SportsWear,10635.0,9627.0,4778.0,2967.0,28000.0
Dec-17,SportsWear,11257.0,8577.0,4597.0,2994.0,27400.0
Jan-18,SportsWear,11418.0,8875.0,4733.0,2965.0,28000.0
Feb-18,SportsWear,11552.0,9822.0,4846.0,2912.0,29100.0
Mar-18,SportsWear,10879.0,8595.0,4532.0,2861.0,26900.0
Apr-18,SportsWear,11692.0,9391.0,4616.0,2993.0,28700.0
May-18,SportsWear,11869.0,9175.0,4617.0,2960.0,28600.0
Jun-18,SportsWear,10545.0,9069.0,4784.0,2877.0,27300.0
Jul-18,SportsWear,11075.0,9409.0,4770.0,2926.0,28200.0
Aug-18,SportsWear,11919.0,9745.0,4683.0,2987.0,29300.0
Sep-18,SportsWear,11332.0,8686.0,4770.0,2906.0,27700.0
Oct-18,SportsWear,11250.0,8979.0,4712.0,2939.0,27900.0
Nov-18,SportsWear,11345.0,9840.0,4824.0,2911.0,28900.0
Dec-18,SportsWear,11137.0,8905.0,4737.0,2978.0,27800.0
Jan-19,SportsWear,11201.0,8764.0,4715.0,2915.0,27600.0
Feb-19,SportsWear,11920.0,9612.0,4671.0,2992.0,29200.0
Mar-19,SportsWear,11904.0,9961.0,4766.0,2899.0,29500.0
Apr-19,SportsWear,10941.0,8919.0,4844.0,2985.0,27700.0
May-19,SportsWear,11117.0,9967.0,4645.0,2922.0,28700.0
Jun-19,SportsWear,10570.0,9817.0,4518.0,2996.0,27900.0
Jul-19,SportsWear,11732.0,9234.0,4926.0,2859.0,28800.0
Aug-19,SportsWear,11528.0,8814.0,4629.0,2931.0,27900.0
Sep-19,SportsWear,11955.0,9867.0,4706.0,2869.0,29400.0
Oct-19,SportsWear,11272.0,8742.0,4864.0,2875.0,27800.0
Nov-19,SportsWear,11599.0,9815.0,4514.0,2851.0,28800.0
Dec-19,SportsWear,10986.0,9602.0,4639.0,2871.0,28100.0
Jan-20,SportsWear,10611.0,9603.0,4528.0,2955.0,27700.0
Feb-20,SportsWear,10529.0,8669.0,4683.0,2926.0,26800.0
Mar-20,SportsWear,11401.0,8587.0,4683.0,2883.0,27600.0
Apr-20,SportsWear,11364.0,8920.0,4620.0,2869.0,27800.0
May-20,SportsWear,11780.0,9069.0,4940.0,2874.0,28700.0
Jun-20,SportsWear,11377.0,9311.0,4926.0,2922.0,28500.0
Jul-20,SportsWear,11707.0,9377.0,4690.0,2893.0,28700.0
Aug-20,SportsWear,11132.0,8573.0,4568.0,2976.0,27200.0
Sep-20,SportsWear,11962.0,8534.0,4936.0,2886.0,28300.0
Oct-20,SportsWear,11990.0,9390.0,4724.0,2913.0,29000.0
Nov-20,SportsWear,10933.0,8965.0,4633.0,2916.0,27400.0
Dec-20,SportsWear,11553.0,8647.0,4787.0,2985.0,28000.0
Jan-21,SportsWear,11494.0,9740.0,4548.0,2864.0,28600.0
Feb-21,SportsWear,11066.0,8937.0,4609.0,2988.0,27600.0
Mar-21,SportsWear,11426.0,8767.0,4785.0,2850.0,27800.0
Apr-21,SportsWear,11505.0,9398.0,4772.0,2983.0,28700.0
May-21,SportsWear,10573.0,9745.0,4896.0,2914.0,28100.0
Jun-21,SportsWear,11564.0,9809.0,4572.0,2978.0,28900.0
Jul-21,SportsWear,11629.0,9370.0,4948.0,2898.0,28800.0
Aug-21,SportsWear,11863.0,8721.0,4890.0,2904.0,28400.0
Sep-21,SportsWear,10799.0,9106.0,4509.0,2893.0,27300.0
Oct-21,SportsWear,11999.0,9851.0,4942.0,2926.0,29700.0
Nov-21,SportsWear,11693.0,8891.0,4985.0,2975.0,28500.0
Dec-21,SportsWear,11080.0,9257.0,4804.0,2938.0,28100.0
Jan-22,SportsWear,10725.0,9991.0,4734.0,2942.0,28400.0
Feb-22,SportsWear,11662.0,8878.0,4552.0,2925.0,28000.0
Mar-22,SportsWear,11265.0,9874.0,4856.0,2922.0,28900.0
Apr-22,SportsWear,11833.0,9438.0,4532.0,2879.0,28700.0
May-22,SportsWear,11046.0,8697.0,4804.0,2971.0,27500.0
Jun-22,SportsWear,10592.0,9926.0,4783.0,2992.0,28300.0
Jul-22,SportsWear,10777.0,9527.0,4883.0,2936.0,28100.0
Aug-22,SportsWear,10944.0,8733.0,4641.0,2861.0,27200.0
Sep-22,SportsWear,11360.0,9043.0,4703.0,2979.0,28100.0
Oct-22,SportsWear,10863.0,9894.0,4651.0,2850.0,28300.0
Nov-22,SportsWear,10995.0,9668.0,4962.0,2852.0,28500.0
Dec-22,SportsWear,10671.0,9024.0,4741.0,2930.0,27400.0
Jan-23,SportsWear,10685.0,9265.0,4734.0,2937.0,27600.0
Feb-23,SportsWear,11052.0,8837.0,4983.0,2973.0,27800.0
Mar-23,SportsWear,10994.0,8597.0,4502.0,2952.0,27000.0
Apr-23,SportsWear,11101.0,9187.0,4631.0,2878.0,27800.0
May-23,SportsWear,10652.0,9415.0,4910.0,2904.0,27900.0
Jun-23,SportsWear,11905.0,8899.0,4890.0,2861.0,28600.0
Jul-23,SportsWear,11585.0,9611.0,4501.0,2967.0,28700.0
Aug-23,SportsWear,11507.0,8762.0,4672.0,2969.0,27900.0
